,车型,车身颜色,车顶颜色,物料编号,发动机,变速器
1,A,水晶珍珠白,石黑,BZ12GCY0000284,燃油,两驱
2,B,天空灰,无对比颜色,AZ62GFF0000257,混动,两驱
3,B,天空灰,无对比颜色,AZ62GFF0000257,混动,两驱
4,A,水晶珍珠白,石黑,BZ12GCY0000251,燃油,两驱
5,A,闪耀黑,无对比颜色,BZ14GCY0000308,燃油,四驱
6,B,水晶珍珠白,石黑,AZ64GCY0000272,燃油,四驱
7,B,水晶珍珠白,无对比颜色,AZ62GCY0000279,燃油,两驱
8,A,天空灰,无对比颜色,BZ12GCY0000246,燃油,两驱
9,B,闪耀黑,无对比颜色,AZ62GCY0000258,燃油,两驱
10,B,天空灰,石黑,AZ64GCY0000256,燃油,四驱
11,B,闪耀黑,无对比颜色,AZ62GCY0000258,燃油,两驱
12,B,水晶紫,石黑,AZ62GFF0000305,混动,两驱
13,B,天空灰,无对比颜色,AZ62GFF0000257,混动,两驱
14,B,水晶珍珠白,石黑,AZ64GCY0000272,燃油,四驱
15,A,闪耀黑,无对比颜色,BZ12GCY0000245,燃油,两驱
16,A,探索绿,闪耀黑,AZ64GCY0000278,燃油,四驱
17,B,水晶珍珠白,石黑,AZ62GFF0000271,混动,两驱
18,A,天空灰,石黑,AZ62GFF0000275,混动,两驱
19,B,天空灰,石黑,AZ64GCY0000256,燃油,四驱
20,A,天空灰,石黑,BZ14GCY0000292,燃油,四驱
21,A,天空灰,石黑,AZ62GFF0000275,混动,两驱
22,A,天空灰,石黑,AZ62GFF0000275,混动,两驱
23,A,水晶紫,石黑,AZ62GFF0000269,混动,两驱
24,A,天空灰,石黑,AZ62GFF0000275,混动,两驱
25,B,水晶珍珠白,无对比颜色,AZ62GCY0000279,燃油,两驱
26,B,水晶紫,石黑,AZ62GFF0000305,混动,两驱
27,A,天空灰,石黑,BZ14GCY0000292,燃油,四驱
28,B,薄雾灰,石黑,AZ32GCY0000288,燃油,两驱
29,B,闪耀黑,无对比颜色,AZ62GCY0000258,燃油,两驱
30,A,天空灰,石黑,BZ14GCY0000292,燃油,四驱
31,A,闪耀黑,无对比颜色,BZ12GCY0000245,燃油,两驱
32,B,水晶珍珠白,无对比颜色,AZ62GCY0000279,燃油,两驱
33,B,水晶珍珠白,无对比颜色,AZ62GCY0000279,燃油,两驱
34,A,水晶珍珠白,石黑,BZ14GCY0000248,燃油,四驱
35,B,天空灰,无对比颜色,AZ62GCY0000300,燃油,两驱
36,A,闪耀黑,无对比颜色,BZ14GCY0000287,燃油,四驱
37,B,水晶珍珠白,无对比颜色,AZ62GCY0000279,燃油,两驱
38,A,天空灰,石黑,AZ62GFF0000275,混动,两驱
39,A,水晶珍珠白,石黑,BZ12GCY0000251,燃油,两驱
40,B,水晶珍珠白,无对比颜色,AZ62GCY0000279,燃油,两驱
41,B,天空灰,无对比颜色,AZ62GCY0000300,燃油,两驱
42,B,天空灰,无对比颜色,AZ62GCY0000300,燃油,两驱
43,B,天空灰,无对比颜色,AZ62GFF0000257,混动,两驱
44,B,闪耀黑,无对比颜色,AZ62GCY0000258,燃油,两驱
45,A,水晶珍珠白,石黑,AZ62GFF0000281,混动,两驱
46,B,闪耀黑,无对比颜色,AZ62GCY0000258,燃油,两驱
47,B,水晶珍珠白,无对比颜色,AZ62GCY0000279,燃油,两驱
48,A,天空灰,石黑,BZ14GCY0000292,燃油,四驱
49,B,天空灰,无对比颜色,AZ62GCY0000300,燃油,两驱
50,A,闪耀黑,无对比颜色,BZ14GCY0000287,燃油,四驱
51,B,水晶珍珠白,无对比颜色,AZ62GCY0000279,燃油,两驱
52,A,天空灰,石黑,BZ12GCY0000274,燃油,两驱
53,A,天空灰,石黑,BZ14GCY0000292,燃油,四驱
54,B,天空灰,石黑,AZ62GFF0000253,混动,两驱
55,A,闪耀黑,无对比颜色,AZ62GFF0000250,混动,两驱
56,B,天空灰,无对比颜色,AZ62GCY0000300,燃油,两驱
57,A,水晶珍珠白,石黑,BZ12GCY0000251,燃油,两驱
58,B,天空灰,无对比颜色,AZ62GCY0000300,燃油,两驱
59,B,天空灰,无对比颜色,AZ62GCY0000300,燃油,两驱
60,A,闪耀黑,无对比颜色,AZ62GFF0000250,混动,两驱
61,B,液态灰,无对比颜色,AZ32GCY0000290,燃油,两驱
62,A,水晶紫,石黑,AZ62GFF0000269,混动,两驱
63,B,闪耀黑,无对比颜色,AZ62GCY0000258,燃油,两驱
64,B,天空灰,无对比颜色,AZ62GCY0000300,燃油,两驱
65,B,天空灰,无对比颜色,AZ62GCY0000300,燃油,两驱
66,A,闪耀黑,无对比颜色,BZ12GCY0000302,燃油,两驱
67,A,天空灰,石黑,BZ14GCY0000292,燃油,四驱
68,B,闪耀黑,无对比颜色,AZ62GCY0000276,燃油,两驱
69,B,水晶珍珠白,无对比颜色,AZ62GCY0000279,燃油,两驱
70,B,天空灰,无对比颜色,AZ62GCY0000300,燃油,两驱
71,B,水晶珍珠白,无对比颜色,AZ62GCY0000279,燃油,两驱
72,B,天空灰,石黑,AZ62GFF0000253,混动,两驱
73,B,水晶珍珠白,无对比颜色,AZ62GCY0000279,燃油,两驱
74,B,闪耀黑,无对比颜色,AZ62GFF0000263,混动,两驱
75,A,水晶珍珠白,石黑,AZ62GFF0000281,混动,两驱
76,B,天空灰,无对比颜色,AZ62GFF0000257,混动,两驱
77,B,水晶珍珠白,无对比颜色,AZ62GCY0000279,燃油,两驱
78,B,天空灰,石黑,AZ62GFF0000253,混动,两驱
79,A,闪耀黑,无对比颜色,BZ12GCY0000245,燃油,两驱
80,B,水晶珍珠白,石黑,AZ62GFF0000271,混动,两驱
81,B,飞行蓝,石黑,AZ62GFF0000252,混动,两驱
82,A,天空灰,石黑,BZ12GCY0000274,燃油,两驱
83,B,天空灰,石黑,AZ62GCY0000264,燃油,两驱
84,A,闪耀黑,无对比颜色,BZ14GCY0000304,燃油,四驱
85,B,天空灰,无对比颜色,AZ62GCY0000300,燃油,两驱
86,B,水晶珍珠白,无对比颜色,AZ62GCY0000279,燃油,两驱
87,A,天空灰,石黑,BZ12GCY0000274,燃油,两驱
88,B,闪耀黑,无对比颜色,AZ64GCY0000294,燃油,四驱
89,A,闪耀黑,无对比颜色,BZ14GCY0000287,燃油,四驱
90,B,闪耀黑,无对比颜色,AZ62GCY0000276,燃油,两驱
91,B,水晶珍珠白,无对比颜色,AZ62GCY0000279,燃油,两驱
92,A,闪耀黑,无对比颜色,BZ12GCY0000245,燃油,两驱
93,B,水晶珍珠白,石黑,AZ62GFF0000271,混动,两驱
94,B,水晶珍珠白,石黑,AZ32GCY0000260,燃油,两驱
95,B,闪耀黑,无对比颜色,AZ62GCY0000276,燃油,两驱
96,A,天空灰,石黑,BZ14GCY0000292,燃油,四驱
97,A,水晶珍珠白,石黑,AZ62GFF0000281,混动,两驱
98,A,闪耀黑,无对比颜色,AZ62GFF0000250,混动,两驱
99,A,水晶珍珠白,无对比颜色,BZ12GCY0000298,燃油,两驱
100,B,天空灰,无对比颜色,AZ62GCY0000300,燃油,两驱
101,B,水晶珍珠白,无对比颜色,AZ62GCY0000279,燃油,两驱
102,B,天空灰,无对比颜色,AZ62GCY0000300,燃油,两驱
103,B,闪耀黑,无对比颜色,AZ62GCY0000276,燃油,两驱
104,B,水晶珍珠白,无对比颜色,AZ62GFF0000273,混动,两驱
105,A,水晶紫,石黑,AZ62GFF0000269,混动,两驱
106,A,闪耀黑,无对比颜色,BZ12GCY0000302,燃油,两驱
107,B,水晶珍珠白,无对比颜色,AZ62GCY0000279,燃油,两驱
108,B,水晶珍珠白,无对比颜色,AZ62GFF0000273,混动,两驱
109,B,飞行蓝,石黑,AZ62GCY0000243,燃油,两驱
110,B,水晶紫,石黑,AZ62GFF0000305,混动,两驱
111,B,闪耀黑,无对比颜色,AZ62GCY0000258,燃油,两驱
112,B,水晶珍珠白,无对比颜色,AZ62GCY0000279,燃油,两驱
113,A,闪耀黑,无对比颜色,AZ62GFF0000250,混动,两驱
114,B,天空灰,无对比颜色,AZ62GCY0000300,燃油,两驱
115,B,天空灰,石黑,AZ64GCY0000256,燃油,四驱
116,B,天空灰,无对比颜色,AZ62GCY0000300,燃油,两驱
117,B,闪耀黑,无对比颜色,AZ62GCY0000259,燃油,两驱
118,A,天空灰,石黑,BZ12GCY0000274,燃油,两驱
119,A,天空灰,石黑,BZ12GCY0000274,燃油,两驱
120,B,液态灰,无对比颜色,AZ32GCY0000249,燃油,两驱
121,B,天空灰,无对比颜色,AZ62GCY0000300,燃油,两驱
122,B,飞行蓝,石黑,AZ62GCY0000243,燃油,两驱
123,B,水晶珍珠白,无对比颜色,AZ62GCY0000279,燃油,两驱
124,A,闪耀黑,无对比颜色,BZ12GCY0000245,燃油,两驱
125,A,闪耀黑,无对比颜色,BZ12GCY0000302,燃油,两驱
126,B,水晶珍珠白,无对比颜色,AZ62GCY0000279,燃油,两驱
127,B,天空灰,无对比颜色,AZ62GCY0000300,燃油,两驱
128,A,闪耀黑,无对比颜色,BZ12GCY0000302,燃油,两驱
129,B,闪耀黑,无对比颜色,AZ64GCY0000262,燃油,四驱
130,A,天空灰,石黑,BZ12GCY0000274,燃油,两驱
131,A,天空灰,石黑,BZ12GCY0000274,燃油,两驱
132,B,天空灰,无对比颜色,AZ62GCY0000300,燃油,两驱
133,B,闪耀黑,无对比颜色,AZ62GCY0000259,燃油,两驱
134,B,闪耀黑,无对比颜色,AZ62GCY0000258,燃油,两驱
135,B,天空灰,无对比颜色,AZ62GCY0000300,燃油,两驱
136,A,天空灰,石黑,BZ12GCY0000285,燃油,两驱
137,A,天空灰,石黑,BZ14GCY0000292,燃油,四驱
138,A,天空灰,石黑,BZ14GCY0000292,燃油,四驱
139,B,水晶珍珠白,石黑,AZ62GFF0000271,混动,两驱
140,A,天空灰,石黑,BZ12GCY0000274,燃油,两驱
141,B,水晶珍珠白,无对比颜色,AZ62GCY0000279,燃油,两驱
142,B,天空灰,石黑,AZ62GFF0000253,混动,两驱
143,A,水晶紫,石黑,AZ62GFF0000269,混动,两驱
144,B,闪耀黑,无对比颜色,AZ32GCY0000265,燃油,两驱
145,A,水晶珍珠白,无对比颜色,BZ12GCY0000298,燃油,两驱
146,A,闪耀黑,无对比颜色,BZ12GCY0000302,燃油,两驱
147,B,水晶珍珠白,无对比颜色,AZ62GFF0000273,混动,两驱
148,A,天空灰,石黑,BZ14GCY0000292,燃油,四驱
149,B,水晶珍珠白,石黑,AZ62GFF0000271,混动,两驱
150,B,天空灰,无对比颜色,AZ62GCY0000300,燃油,两驱
151,B,闪耀黑,无对比颜色,AZ62GCY0000258,燃油,两驱
152,B,水晶珍珠白,无对比颜色,AZ62GFF0000273,混动,两驱
153,B,闪耀黑,无对比颜色,AZ62GCY0000258,燃油,两驱
154,B,天空灰,无对比颜色,AZ62GCY0000300,燃油,两驱
155,A,水晶珍珠白,石黑,AZ62GFF0000281,混动,两驱
156,B,闪耀黑,无对比颜色,AZ62GCY0000276,燃油,两驱
157,B,水晶珍珠白,无对比颜色,AZ62GCY0000279,燃油,两驱
158,B,水晶珍珠白,石黑,AZ62GFF0000271,混动,两驱
159,A,水晶珍珠白,石黑,BZ12GCY0000251,燃油,两驱
160,A,天空灰,石黑,BZ12GCY0000274,燃油,两驱
161,A,天空灰,石黑,BZ12GCY0000274,燃油,两驱
162,B,天空灰,无对比颜色,AZ62GCY0000300,燃油,两驱
163,B,闪耀黑,无对比颜色,AZ62GCY0000258,燃油,两驱
164,B,水晶珍珠白,无对比颜色,AZ62GCY0000279,燃油,两驱
165,B,水晶珍珠白,无对比颜色,AZ62GCY0000279,燃油,两驱
166,A,闪耀黑,无对比颜色,BZ14GCY0000308,燃油,四驱
167,B,闪耀黑,无对比颜色,AZ62GCY0000258,燃油,两驱
168,A,闪耀黑,无对比颜色,AZ62GFF0000250,混动,两驱
169,A,闪耀黑,无对比颜色,BZ14GCY0000308,燃油,四驱
170,A,闪耀黑,无对比颜色,BZ12GCY0000302,燃油,两驱
171,B,水晶珍珠白,无对比颜色,AZ62GCY0000279,燃油,两驱
172,B,天空灰,石黑,AZ62GFF0000253,混动,两驱
173,A,水晶珍珠白,石黑,BZ12GCY0000251,燃油,两驱
174,B,天空灰,石黑,AZ62GFF0000253,混动,两驱
175,B,水晶珍珠白,无对比颜色,AZ62GCY0000279,燃油,两驱
176,A,天空灰,无对比颜色,BZ12GCY0000246,燃油,两驱
177,B,水晶珍珠白,石黑,AZ32GCY0000268,燃油,两驱
178,B,天空灰,无对比颜色,AZ62GCY0000300,燃油,两驱
179,A,天空灰,石黑,AZ62GFF0000275,混动,两驱
180,A,闪耀黑,无对比颜色,AZ62GFF0000250,混动,两驱
181,B,闪耀黑,无对比颜色,AZ62GCY0000258,燃油,两驱
182,A,闪耀黑,无对比颜色,AZ62GFF0000250,混动,两驱
183,B,闪耀黑,无对比颜色,AZ62GCY0000258,燃油,两驱
184,A,水晶珍珠白,石黑,BZ12GCY0000284,燃油,两驱
185,A,天空灰,石黑,BZ12GCY0000285,燃油,两驱
186,B,闪耀黑,无对比颜色,AZ62GCY0000258,燃油,两驱
187,B,水晶珍珠白,无对比颜色,AZ62GCY0000279,燃油,两驱
188,A,天空灰,石黑,BZ12GCY0000285,燃油,两驱
189,B,天空灰,无对比颜色,AZ62GCY0000300,燃油,两驱
190,A,天空灰,石黑,BZ12GCY0000285,燃油,两驱
191,B,闪耀黑,无对比颜色,AZ64GCY0000262,燃油,四驱
192,A,水晶珍珠白,石黑,AZ62GFF0000281,混动,两驱
193,B,闪耀黑,无对比颜色,AZ62GCY0000258,燃油,两驱
194,A,水晶珍珠白,石黑,BZ12GCY0000251,燃油,两驱
195,B,水晶紫,石黑,AZ62GFF0000305,混动,两驱
196,A,天空灰,石黑,BZ12GCY0000285,燃油,两驱
197,A,水晶珍珠白,石黑,AZ62GFF0000281,混动,两驱
198,B,天空灰,无对比颜色,AZ62GCY0000300,燃油,两驱
199,B,水晶珍珠白,石黑,AZ62GFF0000271,混动,两驱
200,B,水晶珍珠白,石黑,AZ62GFF0000271,混动,两驱
201,B,水晶珍珠白,无对比颜色,AZ62GCY0000279,燃油,两驱
202,A,天空灰,石黑,BZ12GCY0000285,燃油,两驱
203,B,天空灰,石黑,AZ62GFF0000253,混动,两驱
204,A,水晶珍珠白,石黑,AZ64GCY0000289,燃油,四驱
205,A,天空灰,石黑,BZ12GCY0000285,燃油,两驱
206,B,水晶珍珠白,石黑,AZ64GCY0000272,燃油,四驱
207,A,天空灰,石黑,BZ14GCY0000292,燃油,四驱
208,B,水晶珍珠白,无对比颜色,AZ62GCY0000279,燃油,两驱
209,B,天空灰,无对比颜色,AZ62GFF0000257,混动,两驱
210,A,闪耀黑,无对比颜色,BZ12GCY0000302,燃油,两驱
211,A,水晶珍珠白,无对比颜色,BZ12GCY0000298,燃油,两驱
212,A,水晶珍珠白,石黑,BZ14GCY0000248,燃油,四驱
213,A,水晶紫,石黑,AZ62GFF0000269,混动,两驱
214,A,水晶珍珠白,石黑,BZ12GCY0000284,燃油,两驱
215,A,闪耀黑,无对比颜色,BZ12GCY0000302,燃油,两驱
216,A,闪耀黑,无对比颜色,BZ12GCY0000245,燃油,两驱
217,B,天空灰,无对比颜色,AZ62GCY0000300,燃油,两驱
218,B,闪耀黑,无对比颜色,AZ62GCY0000258,燃油,两驱
219,A,天空灰,石黑,BZ14GCY0000292,燃油,四驱
220,B,飞行蓝,石黑,AZ62GFF0000252,混动,两驱
221,B,闪耀黑,无对比颜色,AZ62GCY0000258,燃油,两驱
222,B,水晶珍珠白,无对比颜色,AZ62GCY0000279,燃油,两驱
223,A,天空灰,石黑,BZ14GCY0000292,燃油,四驱
224,A,闪耀黑,无对比颜色,BZ12GCY0000302,燃油,两驱
225,B,水晶紫,石黑,AZ62GFF0000305,混动,两驱
226,B,水晶珍珠白,无对比颜色,AZ62GCY0000279,燃油,两驱
227,B,天空灰,石黑,AZ62GFF0000253,混动,两驱
228,B,天空灰,无对比颜色,AZ62GCY0000300,燃油,两驱
229,B,水晶珍珠白,无对比颜色,AZ62GCY0000279,燃油,两驱
230,B,天空灰,无对比颜色,AZ62GCY0000300,燃油,两驱
231,A,闪耀黑,无对比颜色,BZ14GCY0000287,燃油,四驱
232,B,水晶珍珠白,无对比颜色,AZ62GCY0000279,燃油,两驱
233,A,水晶珍珠白,石黑,AZ62GFF0000281,混动,两驱
234,B,天空灰,无对比颜色,AZ62GCY0000300,燃油,两驱
235,B,天空灰,石黑,AZ64GCY0000256,燃油,四驱
236,A,天空灰,石黑,AZ62GFF0000275,混动,两驱
237,B,水晶珍珠白,无对比颜色,AZ62GCY0000279,燃油,两驱
238,B,闪耀黑,无对比颜色,AZ62GCY0000258,燃油,两驱
239,A,天空灰,石黑,AZ62GFF0000275,混动,两驱
240,B,闪耀黑,无对比颜色,AZ62GCY0000258,燃油,两驱
241,B,天空灰,石黑,AZ64GCY0000256,燃油,四驱
242,B,水晶珍珠白,无对比颜色,AZ62GFF0000273,混动,两驱
243,A,闪耀黑,无对比颜色,BZ14GCY0000287,燃油,四驱
244,B,水晶珍珠白,无对比颜色,AZ62GCY0000279,燃油,两驱
245,B,薄雾灰,石黑,AZ32GCY0000288,燃油,两驱
246,B,天空灰,无对比颜色,AZ62GFF0000257,混动,两驱
247,B,天空灰,石黑,AZ62GCY0000264,燃油,两驱
248,B,水晶珍珠白,无对比颜色,AZ62GCY0000279,燃油,两驱
249,B,天空灰,石黑,AZ64GCY0000256,燃油,四驱
250,A,天空灰,无对比颜色,BZ12GCY0000307,燃油,两驱
251,A,水晶珍珠白,石黑,BZ12GCY0000284,燃油,两驱
252,A,天空灰,无对比颜色,BZ12GCY0000246,燃油,两驱
253,A,天空灰,石黑,BZ12GCY0000274,燃油,两驱
254,B,闪耀黑,无对比颜色,AZ62GCY0000258,燃油,两驱
255,B,天空灰,无对比颜色,AZ62GCY0000300,燃油,两驱
256,A,闪耀黑,无对比颜色,BZ12GCY0000302,燃油,两驱
257,B,水晶珍珠白,无对比颜色,AZ62GCY0000279,燃油,两驱
258,B,水晶珍珠白,石黑,AZ64GCY0000303,燃油,四驱
259,A,水晶紫,石黑,AZ62GFF0000269,混动,两驱
260,B,天空灰,无对比颜色,AZ62GFF0000257,混动,两驱
261,A,天空灰,石黑,AZ62GFF0000275,混动,两驱
262,B,天空灰,无对比颜色,AZ62GCY0000300,燃油,两驱
263,B,天空灰,无对比颜色,AZ62GCY0000300,燃油,两驱
264,A,天空灰,石黑,AZ62GFF0000275,混动,两驱
265,B,水晶珍珠白,无对比颜色,AZ62GCY0000279,燃油,两驱
266,A,水晶珍珠白,石黑,BZ14GCY0000248,燃油,四驱
267,A,天空灰,石黑,AZ62GFF0000275,混动,两驱
268,A,天空灰,石黑,AZ62GFF0000275,混动,两驱
269,A,天空灰,无对比颜色,BZ12GCY0000246,燃油,两驱
270,A,天空灰,石黑,BZ12GCY0000285,燃油,两驱
271,A,天空灰,石黑,BZ12GCY0000285,燃油,两驱
272,A,水晶珍珠白,石黑,BZ12GCY0000251,燃油,两驱
273,B,水晶珍珠白,无对比颜色,AZ62GCY0000279,燃油,两驱
274,B,天空灰,无对比颜色,AZ62GCY0000300,燃油,两驱
275,A,天空灰,石黑,BZ14GCY0000292,燃油,四驱
276,A,水晶珍珠白,石黑,BZ12GCY0000284,燃油,两驱
277,A,闪耀黑,无对比颜色,BZ12GCY0000247,燃油,两驱
278,B,飞行蓝,石黑,AZ62GCY0000243,燃油,两驱
279,B,天空灰,无对比颜色,AZ62GCY0000300,燃油,两驱
280,A,水晶珍珠白,石黑,AZ62GFF0000281,混动,两驱
281,A,天空灰,石黑,BZ12GCY0000274,燃油,两驱
282,B,水晶珍珠白,无对比颜色,AZ62GFF0000273,混动,两驱
283,A,水晶珍珠白,石黑,BZ12GCY0000284,燃油,两驱
284,A,水晶紫,石黑,AZ62GFF0000269,混动,两驱
285,B,天空灰,无对比颜色,AZ62GCY0000300,燃油,两驱
286,B,天空灰,无对比颜色,AZ62GCY0000300,燃油,两驱
287,B,闪耀黑,无对比颜色,AZ62GFF0000263,混动,两驱
288,A,闪耀黑,无对比颜色,BZ14GCY0000308,燃油,四驱
289,B,水晶珍珠白,石黑,AZ62GFF0000271,混动,两驱
290,A,天空灰,石黑,BZ12GCY0000285,燃油,两驱
291,B,天空灰,无对比颜色,AZ62GCY0000300,燃油,两驱
292,A,天空灰,石黑,AZ62GFF0000275,混动,两驱
293,B,天空灰,无对比颜色,AZ62GCY0000300,燃油,两驱
294,B,水晶珍珠白,无对比颜色,AZ62GCY0000279,燃油,两驱
295,A,天空灰,石黑,BZ14GCY0000292,燃油,四驱
296,B,天空灰,无对比颜色,AZ62GFF0000257,混动,两驱
297,B,天空灰,无对比颜色,AZ62GCY0000300,燃油,两驱
298,B,水晶珍珠白,无对比颜色,AZ62GCY0000279,燃油,两驱
299,B,水晶珍珠白,无对比颜色,AZ62GCY0000279,燃油,两驱
300,B,飞行蓝,石黑,AZ62GCY0000243,燃油,两驱
301,B,水晶珍珠白,石黑,AZ32GCY0000260,燃油,两驱
302,A,天空灰,石黑,AZ62GFF0000275,混动,两驱
303,A,天空灰,石黑,BZ14GCY0000292,燃油,四驱
304,B,天空灰,无对比颜色,AZ62GCY0000300,燃油,两驱
305,A,天空灰,石黑,BZ12GCY0000285,燃油,两驱
306,B,天空灰,无对比颜色,AZ62GFF0000257,混动,两驱
307,B,水晶紫,石黑,AZ62GFF0000305,混动,两驱
308,A,闪耀黑,无对比颜色,BZ14GCY0000287,燃油,四驱
309,B,水晶珍珠白,无对比颜色,AZ62GCY0000279,燃油,两驱
310,A,水晶紫,石黑,AZ62GFF0000269,混动,两驱
311,B,液态灰,无对比颜色,AZ32GCY0000249,燃油,两驱
312,B,水晶珍珠白,无对比颜色,AZ62GCY0000279,燃油,两驱
313,A,闪耀黑,无对比颜色,BZ12GCY0000242,燃油,两驱
314,A,闪耀黑,无对比颜色,BZ14GCY0000304,燃油,四驱
315,A,飞行蓝,石黑,BZ12GCY0000238,燃油,两驱
316,B,水晶紫,石黑,AZ62GFF0000305,混动,两驱
317,B,天空灰,无对比颜色,AZ62GCY0000300,燃油,两驱
318,A,天空灰,石黑,AZ62GFF0000275,混动,两驱
319,B,水晶珍珠白,无对比颜色,AZ62GCY0000279,燃油,两驱
320,B,天空灰,石黑,AZ62GFF0000253,混动,两驱
321,B,水晶珍珠白,石黑,AZ32GCY0000260,燃油,两驱
322,B,水晶珍珠白,石黑,AZ62GFF0000271,混动,两驱
323,B,薄雾灰,石黑,AZ32GCY0000288,燃油,两驱
324,B,天空灰,无对比颜色,AZ62GCY0000300,燃油,两驱
325,B,天空灰,无对比颜色,AZ62GCY0000300,燃油,两驱
326,B,闪耀黑,无对比颜色,AZ62GCY0000276,燃油,两驱
327,A,天空灰,石黑,BZ14GCY0000292,燃油,四驱
328,B,水晶珍珠白,无对比颜色,AZ62GCY0000279,燃油,两驱
329,B,水晶珍珠白,石黑,AZ32GCY0000260,燃油,两驱
330,A,水晶紫,石黑,AZ62GFF0000269,混动,两驱
331,A,天空灰,石黑,BZ12GCY0000274,燃油,两驱
332,A,水晶珍珠白,石黑,AZ62GFF0000281,混动,两驱
333,A,水晶珍珠白,石黑,BZ12GCY0000284,燃油,两驱
334,B,水晶珍珠白,无对比颜色,AZ62GCY0000279,燃油,两驱
335,B,闪耀黑,无对比颜色,AZ62GFF0000263,混动,两驱
336,A,天空灰,石黑,AZ62GFF0000275,混动,两驱
337,A,天空灰,石黑,BZ14GCY0000292,燃油,四驱
338,B,闪耀黑,无对比颜色,AZ62GCY0000258,燃油,两驱
339,B,闪耀黑,无对比颜色,AZ62GFF0000263,混动,两驱
340,A,水晶珍珠白,石黑,AZ62GFF0000281,混动,两驱
341,B,水晶珍珠白,无对比颜色,AZ62GCY0000279,燃油,两驱
342,A,天空灰,石黑,BZ12GCY0000285,燃油,两驱
343,A,水晶珍珠白,石黑,BZ14GCY0000248,燃油,四驱
344,B,飞行蓝,石黑,AZ62GFF0000252,混动,两驱
345,A,闪耀黑,无对比颜色,BZ12GCY0000302,燃油,两驱
346,B,天空灰,无对比颜色,AZ62GCY0000300,燃油,两驱
347,B,水晶珍珠白,无对比颜色,AZ62GCY0000279,燃油,两驱
348,B,水晶珍珠白,石黑,AZ64GCY0000303,燃油,四驱
349,A,天空灰,石黑,BZ14GCY0000292,燃油,四驱
350,A,水晶珍珠白,石黑,AZ62GFF0000281,混动,两驱
351,B,水晶珍珠白,无对比颜色,AZ62GCY0000279,燃油,两驱
352,A,闪耀黑,无对比颜色,BZ14GCY0000287,燃油,四驱
353,B,水晶珍珠白,无对比颜色,AZ62GCY0000279,燃油,两驱
354,A,天空灰,石黑,BZ14GCY0000292,燃油,四驱
355,B,水晶珍珠白,无对比颜色,AZ62GCY0000279,燃油,两驱
356,A,天空灰,石黑,BZ14GCY0000292,燃油,四驱
357,A,闪耀黑,无对比颜色,BZ14GCY0000287,燃油,四驱
358,B,水晶珍珠白,无对比颜色,AZ62GCY0000279,燃油,两驱
359,A,水晶紫,石黑,AZ62GFF0000269,混动,两驱
360,B,天空灰,无对比颜色,AZ62GCY0000300,燃油,两驱
361,B,水晶珍珠白,无对比颜色,AZ62GCY0000279,燃油,两驱
362,B,天空灰,石黑,AZ64GCY0000256,燃油,四驱
363,B,天空灰,无对比颜色,AZ62GCY0000300,燃油,两驱
364,B,天空灰,无对比颜色,AZ62GCY0000300,燃油,两驱
365,A,闪耀黑,无对比颜色,BZ14GCY0000304,燃油,四驱
366,B,天空灰,石黑,AZ64GCY0000256,燃油,四驱
367,B,水晶珍珠白,石黑,AZ62GFF0000271,混动,两驱
368,B,薄雾灰,石黑,AZ32GCY0000288,燃油,两驱
369,B,天空灰,无对比颜色,AZ62GCY0000300,燃油,两驱
370,A,天空灰,石黑,BZ12GCY0000285,燃油,两驱
371,B,水晶珍珠白,无对比颜色,AZ62GCY0000279,燃油,两驱
372,A,天空灰,石黑,BZ14GCY0000292,燃油,四驱
373,B,天空灰,无对比颜色,AZ62GCY0000300,燃油,两驱
374,A,闪耀黑,无对比颜色,BZ14GCY0000287,燃油,四驱
375,A,天空灰,石黑,BZ12GCY0000274,燃油,两驱
376,A,闪耀黑,无对比颜色,BZ14GCY0000287,燃油,四驱
377,B,水晶珍珠白,无对比颜色,AZ62GCY0000279,燃油,两驱
378,B,天空灰,无对比颜色,AZ62GCY0000300,燃油,两驱
379,A,天空灰,石黑,AZ62GFF0000275,混动,两驱
380,A,天空灰,石黑,BZ14GCY0000292,燃油,四驱
381,A,天空灰,石黑,BZ12GCY0000285,燃油,两驱
382,B,天空灰,石黑,AZ62GFF0000306,混动,两驱
383,A,闪耀黑,无对比颜色,BZ12GCY0000302,燃油,两驱
384,B,闪耀黑,无对比颜色,AZ62GCY0000258,燃油,两驱
385,A,天空灰,石黑,BZ12GCY0000285,燃油,两驱
386,B,水晶珍珠白,无对比颜色,AZ62GCY0000279,燃油,两驱
387,B,水晶紫,石黑,AZ62GFF0000305,混动,两驱
388,A,水晶珍珠白,石黑,BZ14GCY0000248,燃油,四驱
389,A,天空灰,石黑,BZ14GCY0000292,燃油,四驱
390,B,水晶珍珠白,石黑,AZ62GFF0000271,混动,两驱
391,A,天空灰,石黑,BZ12GCY0000274,燃油,两驱
392,B,水晶珍珠白,石黑,AZ64GCY0000272,燃油,四驱
393,B,天空灰,石黑,AZ62GFF0000253,混动,两驱
394,B,闪耀黑,无对比颜色,AZ64GCY0000262,燃油,四驱
395,A,水晶珍珠白,石黑,AZ64GCY0000289,燃油,四驱
396,A,闪耀黑,无对比颜色,BZ12GCY0000302,燃油,两驱
397,A,天空灰,石黑,AZ62GFF0000275,混动,两驱
398,A,闪耀黑,无对比颜色,AZ62GFF0000250,混动,两驱
399,B,闪耀黑,无对比颜色,AZ64GCY0000262,燃油,四驱
400,B,天空灰,无对比颜色,AZ62GFF0000257,混动,两驱
401,A,闪耀黑,无对比颜色,BZ12GCY0000245,燃油,两驱
402,A,天空灰,石黑,AZ62GFF0000275,混动,两驱
403,B,闪耀黑,无对比颜色,AZ62GCY0000258,燃油,两驱
404,A,天空灰,石黑,BZ14GCY0000292,燃油,四驱
405,A,水晶珍珠白,石黑,BZ14GCY0000248,燃油,四驱
406,B,飞行蓝,石黑,AZ62GCY0000243,燃油,两驱
407,B,闪耀黑,无对比颜色,AZ62GFF0000263,混动,两驱
408,B,闪耀黑,无对比颜色,AZ62GCY0000258,燃油,两驱
409,B,天空灰,石黑,AZ64GCY0000299,燃油,四驱
410,B,天空灰,无对比颜色,AZ62GFF0000257,混动,两驱
411,A,闪耀黑,无对比颜色,BZ14GCY0000287,燃油,四驱
412,B,天空灰,无对比颜色,AZ62GCY0000300,燃油,两驱
413,B,水晶珍珠白,无对比颜色,AZ62GFF0000273,混动,两驱
414,A,闪耀黑,无对比颜色,BZ12GCY0000302,燃油,两驱
415,A,天空灰,石黑,BZ12GCY0000285,燃油,两驱
416,B,闪耀黑,无对比颜色,AZ62GCY0000276,燃油,两驱
417,B,天空灰,无对比颜色,AZ62GCY0000300,燃油,两驱
418,B,水晶珍珠白,无对比颜色,AZ62GCY0000279,燃油,两驱
419,B,天空灰,无对比颜色,AZ62GCY0000300,燃油,两驱
420,B,水晶珍珠白,石黑,AZ62GFF0000271,混动,两驱
421,B,水晶珍珠白,石黑,AZ32GCY0000260,燃油,两驱
422,A,水晶珍珠白,石黑,BZ12GCY0000284,燃油,两驱
423,A,天空灰,石黑,AZ62GFF0000275,混动,两驱
424,A,闪耀黑,无对比颜色,BZ14GCY0000308,燃油,四驱
425,B,水晶珍珠白,无对比颜色,AZ62GCY0000279,燃油,两驱
426,A,探索绿,闪耀黑,AZ64GCY0000278,燃油,四驱
427,B,天空灰,无对比颜色,AZ62GCY0000300,燃油,两驱
428,B,天空灰,石黑,AZ62GFF0000253,混动,两驱
429,B,天空灰,无对比颜色,AZ62GFF0000257,混动,两驱
430,A,闪耀黑,无对比颜色,BZ12GCY0000302,燃油,两驱
431,A,天空灰,石黑,BZ14GCY0000292,燃油,四驱
432,A,闪耀黑,无对比颜色,BZ12GCY0000237,燃油,两驱
433,B,天空灰,石黑,AZ62GFF0000253,混动,两驱
434,A,天空灰,石黑,AZ62GFF0000275,混动,两驱
435,B,水晶珍珠白,石黑,AZ64GCY0000272,燃油,四驱
436,A,探索绿,闪耀黑,BZ14GCY0000270,燃油,四驱
437,A,闪耀黑,无对比颜色,BZ14GCY0000308,燃油,四驱
438,A,天空灰,石黑,BZ12GCY0000285,燃油,两驱
439,A,天空灰,石黑,BZ14GCY0000292,燃油,四驱
440,B,天空灰,石黑,AZ62GFF0000253,混动,两驱
441,A,水晶珍珠白,石黑,BZ14GCY0000248,燃油,四驱
442,B,天空灰,无对比颜色,AZ62GCY0000300,燃油,两驱
443,B,水晶珍珠白,无对比颜色,AZ62GCY0000279,燃油,两驱
444,A,天空灰,石黑,BZ14GCY0000292,燃油,四驱
445,B,天空灰,石黑,AZ62GFF0000253,混动,两驱
446,B,天空灰,石黑,AZ62GCY0000264,燃油,两驱
447,B,水晶珍珠白,石黑,AZ62GFF0000271,混动,两驱
448,A,水晶珍珠白,石黑,BZ12GCY0000251,燃油,两驱
449,A,天空灰,石黑,BZ14GCY0000292,燃油,四驱
450,B,水晶紫,石黑,AZ62GFF0000305,混动,两驱
451,B,水晶珍珠白,石黑,AZ64GCY0000272,燃油,四驱
452,A,天空灰,石黑,BZ14GCY0000292,燃油,四驱
453,B,水晶珍珠白,石黑,AZ62GFF0000271,混动,两驱
454,B,天空灰,无对比颜色,AZ62GCY0000300,燃油,两驱
455,B,闪耀黑,无对比颜色,AZ64GCY0000262,燃油,四驱
456,B,闪耀黑,无对比颜色,AZ62GCY0000258,燃油,两驱
457,B,水晶珍珠白,无对比颜色,AZ62GFF0000273,混动,两驱
458,A,闪耀黑,无对比颜色,BZ12GCY0000302,燃油,两驱
459,B,天空灰,石黑,AZ64GCY0000256,燃油,四驱
460,B,天空灰,石黑,AZ64GCY0000256,燃油,四驱
461,B,闪耀黑,无对比颜色,AZ62GCY0000276,燃油,两驱
462,B,水晶珍珠白,无对比颜色,AZ62GCY0000279,燃油,两驱
463,B,天空灰,石黑,AZ64GCY0000299,燃油,四驱
464,A,天空灰,石黑,BZ12GCY0000274,燃油,两驱
465,B,闪耀黑,无对比颜色,AZ62GCY0000276,燃油,两驱
466,A,水晶珍珠白,石黑,AZ62GFF0000281,混动,两驱
467,B,飞行蓝,石黑,AZ62GCY0000243,燃油,两驱
468,A,天空灰,石黑,BZ12GCY0000274,燃油,两驱
469,B,水晶珍珠白,无对比颜色,AZ62GCY0000279,燃油,两驱
470,B,闪耀黑,无对比颜色,AZ62GCY0000258,燃油,两驱
471,B,水晶珍珠白,石黑,AZ32GCY0000260,燃油,两驱
472,A,天空灰,石黑,BZ14GCY0000292,燃油,四驱
473,B,水晶珍珠白,无对比颜色,AZ62GCY0000279,燃油,两驱
474,A,闪耀黑,无对比颜色,BZ12GCY0000302,燃油,两驱
475,B,水晶珍珠白,无对比颜色,AZ62GCY0000279,燃油,两驱
476,A,闪耀黑,无对比颜色,BZ12GCY0000302,燃油,两驱
477,A,天空灰,石黑,BZ12GCY0000285,燃油,两驱
478,A,水晶珍珠白,石黑,BZ14GCY0000248,燃油,四驱
479,B,闪耀黑,无对比颜色,AZ64GCY0000262,燃油,四驱
480,A,天空灰,石黑,BZ12GCY0000274,燃油,两驱
481,A,天空灰,石黑,BZ12GCY0000285,燃油,两驱
482,B,天空灰,无对比颜色,AZ62GFF0000257,混动,两驱
483,A,水晶珍珠白,石黑,BZ14GCY0000248,燃油,四驱
484,A,闪耀黑,无对比颜色,BZ14GCY0000308,燃油,四驱
485,A,天空灰,石黑,BZ12GCY0000285,燃油,两驱
486,A,天空灰,石黑,BZ12GCY0000274,燃油,两驱
487,A,天空灰,石黑,BZ12GCY0000274,燃油,两驱
488,A,天空灰,石黑,BZ12GCY0000285,燃油,两驱
489,B,闪耀黑,无对比颜色,AZ64GCY0000262,燃油,四驱
490,A,天空灰,石黑,BZ12GCY0000274,燃油,两驱
491,A,水晶珍珠白,无对比颜色,BZ12GCY0000298,燃油,两驱
492,B,天空灰,无对比颜色,AZ62GFF0000257,混动,两驱
493,B,飞行蓝,石黑,AZ62GFF0000252,混动,两驱
494,B,飞行蓝,石黑,AZ62GCY0000243,燃油,两驱
495,B,水晶珍珠白,无对比颜色,AZ62GCY0000279,燃油,两驱
496,A,闪耀黑,无对比颜色,BZ14GCY0000308,燃油,四驱
497,B,天空灰,无对比颜色,AZ62GCY0000300,燃油,两驱
498,A,天空灰,石黑,BZ12GCY0000285,燃油,两驱
499,A,天空灰,石黑,AZ62GFF0000275,混动,两驱
500,B,天空灰,石黑,AZ64GCY0000256,燃油,四驱
501,A,水晶珍珠白,石黑,AZ62GCY0000239,燃油,两驱
502,A,天空灰,石黑,BZ12GCY0000285,燃油,两驱
503,B,天空灰,无对比颜色,AZ62GCY0000300,燃油,两驱
504,B,水晶紫,石黑,AZ62GFF0000305,混动,两驱
505,B,天空灰,无对比颜色,AZ62GCY0000300,燃油,两驱
506,B,闪耀黑,无对比颜色,AZ62GCY0000258,燃油,两驱
507,B,天空灰,无对比颜色,AZ62GCY0000300,燃油,两驱
508,A,天空灰,石黑,BZ12GCY0000285,燃油,两驱
509,B,水晶珍珠白,石黑,AZ62GFF0000271,混动,两驱
510,B,水晶珍珠白,无对比颜色,AZ62GCY0000279,燃油,两驱
511,A,水晶紫,石黑,AZ62GFF0000269,混动,两驱
512,B,水晶珍珠白,石黑,AZ32GCY0000283,燃油,两驱
513,B,闪耀黑,无对比颜色,AZ62GCY0000258,燃油,两驱
514,B,水晶珍珠白,石黑,AZ62GFF0000271,混动,两驱
515,B,水晶珍珠白,无对比颜色,AZ62GFF0000273,混动,两驱
516,B,水晶珍珠白,石黑,AZ64GCY0000272,燃油,四驱
517,B,薄雾灰,石黑,AZ32GCY0000240,燃油,两驱
518,B,天空灰,无对比颜色,AZ62GCY0000300,燃油,两驱
519,A,水晶珍珠白,无对比颜色,BZ12GCY0000298,燃油,两驱
520,A,天空灰,石黑,BZ12GCY0000285,燃油,两驱
521,B,水晶珍珠白,无对比颜色,AZ62GCY0000279,燃油,两驱
522,A,天空灰,石黑,BZ12GCY0000285,燃油,两驱
523,B,闪耀黑,无对比颜色,AZ62GCY0000258,燃油,两驱
524,A,闪耀黑,无对比颜色,BZ14GCY0000287,燃油,四驱
525,B,水晶珍珠白,石黑,AZ32GCY0000268,燃油,两驱
526,A,天空灰,石黑,BZ12GCY0000285,燃油,两驱
527,A,闪耀黑,无对比颜色,BZ14GCY0000304,燃油,四驱
528,A,天空灰,石黑,BZ12GCY0000274,燃油,两驱
529,A,闪耀黑,无对比颜色,BZ12GCY0000245,燃油,两驱
530,B,天空灰,石黑,AZ64GCY0000256,燃油,四驱
531,A,水晶珍珠白,无对比颜色,BZ12GCY0000298,燃油,两驱
532,B,水晶珍珠白,石黑,AZ62GFF0000271,混动,两驱
533,B,天空灰,无对比颜色,AZ62GCY0000300,燃油,两驱
534,B,水晶珍珠白,石黑,AZ32GCY0000268,燃油,两驱
535,A,天空灰,石黑,BZ14GCY0000292,燃油,四驱
536,B,水晶珍珠白,无对比颜色,AZ62GCY0000279,燃油,两驱
537,B,水晶珍珠白,无对比颜色,AZ62GCY0000279,燃油,两驱
538,B,闪耀黑,无对比颜色,AZ62GCY0000258,燃油,两驱
539,B,闪耀黑,无对比颜色,AZ62GFF0000263,混动,两驱
540,B,天空灰,无对比颜色,AZ62GCY0000300,燃油,两驱
541,A,天空灰,石黑,BZ14GCY0000292,燃油,四驱
542,A,天空灰,石黑,BZ14GCY0000292,燃油,四驱
543,B,飞行蓝,石黑,AZ62GFF0000252,混动,两驱
544,A,天空灰,无对比颜色,BZ12GCY0000307,燃油,两驱
545,A,天空灰,石黑,BZ12GCY0000274,燃油,两驱
546,B,天空灰,石黑,AZ62GFF0000253,混动,两驱
547,B,水晶珍珠白,无对比颜色,AZ62GCY0000279,燃油,两驱
548,B,飞行蓝,石黑,AZ62GFF0000252,混动,两驱
549,A,天空灰,石黑,AZ62GFF0000275,混动,两驱
550,B,明亮红,石黑,AZ32GCY0000255,燃油,两驱
551,B,天空灰,无对比颜色,AZ62GCY0000300,燃油,两驱
552,B,天空灰,无对比颜色,AZ62GCY0000300,燃油,两驱
553,B,水晶珍珠白,石黑,AZ64GCY0000272,燃油,四驱
554,B,天空灰,无对比颜色,AZ62GCY0000300,燃油,两驱
555,B,闪耀黑,无对比颜色,AZ64GCY0000262,燃油,四驱
556,A,闪耀黑,无对比颜色,BZ12GCY0000302,燃油,两驱
557,A,闪耀黑,无对比颜色,BZ12GCY0000245,燃油,两驱
558,B,闪耀黑,无对比颜色,AZ62GCY0000276,燃油,两驱
559,B,天空灰,石黑,AZ64GCY0000256,燃油,四驱
560,B,天空灰,无对比颜色,AZ62GCY0000300,燃油,两驱
561,B,明亮红,石黑,AZ32GCY0000255,燃油,两驱
562,B,闪耀黑,无对比颜色,AZ62GCY0000276,燃油,两驱
563,B,天空灰,石黑,AZ62GFF0000306,混动,两驱
564,B,水晶珍珠白,无对比颜色,AZ62GCY0000279,燃油,两驱
565,A,天空灰,石黑,BZ14GCY0000292,燃油,四驱
566,A,水晶珍珠白,石黑,BZ12GCY0000251,燃油,两驱
567,A,闪耀黑,无对比颜色,BZ12GCY0000247,燃油,两驱
568,B,水晶珍珠白,石黑,AZ62GFF0000271,混动,两驱
569,A,天空灰,石黑,BZ12GCY0000285,燃油,两驱
570,B,闪耀黑,无对比颜色,AZ64GCY0000262,燃油,四驱
571,A,天空灰,石黑,BZ12GCY0000285,燃油,两驱
572,B,水晶珍珠白,石黑,AZ62GFF0000271,混动,两驱
573,A,飞行蓝,石黑,BZ12GCY0000238,燃油,两驱
574,A,天空灰,石黑,AZ62GFF0000275,混动,两驱
575,A,闪耀黑,无对比颜色,AZ62GFF0000250,混动,两驱
576,A,探索绿,闪耀黑,BZ14GCY0000270,燃油,四驱
577,A,天空灰,石黑,BZ12GCY0000285,燃油,两驱
578,A,水晶珍珠白,石黑,BZ12GCY0000251,燃油,两驱
579,A,闪耀黑,无对比颜色,BZ12GCY0000302,燃油,两驱
580,B,水晶珍珠白,无对比颜色,AZ62GCY0000279,燃油,两驱
581,B,天空灰,石黑,AZ64GCY0000256,燃油,四驱
582,A,天空灰,石黑,BZ12GCY0000274,燃油,两驱
583,A,水晶珍珠白,石黑,BZ14GCY0000248,燃油,四驱
584,A,天空灰,石黑,BZ12GCY0000274,燃油,两驱
585,A,探索绿,闪耀黑,BZ14GCY0000270,燃油,四驱
586,A,天空灰,石黑,BZ14GCY0000292,燃油,四驱
587,A,探索绿,闪耀黑,AZ64GCY0000278,燃油,四驱
588,B,飞行蓝,石黑,AZ62GCY0000243,燃油,两驱
589,A,天空灰,石黑,BZ12GCY0000285,燃油,两驱
590,A,水晶紫,石黑,AZ62GFF0000269,混动,两驱
591,B,飞行蓝,石黑,AZ62GCY0000301,燃油,两驱
592,B,闪耀黑,无对比颜色,AZ62GCY0000276,燃油,两驱
593,B,闪耀黑,无对比颜色,AZ62GCY0000276,燃油,两驱
594,A,闪耀黑,无对比颜色,BZ12GCY0000302,燃油,两驱
595,A,天空灰,石黑,BZ14GCY0000292,燃油,四驱
596,B,闪耀黑,无对比颜色,AZ62GCY0000276,燃油,两驱
597,B,闪耀黑,无对比颜色,AZ62GCY0000276,燃油,两驱
598,A,闪耀黑,无对比颜色,BZ12GCY0000302,燃油,两驱
599,A,闪耀黑,无对比颜色,BZ12GCY0000242,燃油,两驱
600,A,闪耀黑,无对比颜色,BZ12GCY0000302,燃油,两驱
601,B,天空灰,石黑,AZ62GFF0000253,混动,两驱
602,A,闪耀黑,无对比颜色,AZ62GFF0000250,混动,两驱
603,B,天空灰,无对比颜色,AZ62GFF0000257,混动,两驱
604,B,水晶珍珠白,无对比颜色,AZ62GCY0000279,燃油,两驱
605,A,闪耀黑,无对比颜色,BZ12GCY0000302,燃油,两驱
606,B,天空灰,无对比颜色,AZ62GCY0000300,燃油,两驱
607,A,水晶紫,石黑,AZ62GFF0000269,混动,两驱
608,A,水晶珍珠白,石黑,BZ14GCY0000248,燃油,四驱
609,A,天空灰,石黑,BZ12GCY0000285,燃油,两驱
610,A,天空灰,无对比颜色,BZ12GCY0000246,燃油,两驱
611,B,水晶珍珠白,石黑,AZ62GFF0000271,混动,两驱
612,B,水晶珍珠白,无对比颜色,AZ62GCY0000279,燃油,两驱
613,B,天空灰,无对比颜色,AZ62GCY0000300,燃油,两驱
614,A,水晶珍珠白,石黑,BZ12GCY0000251,燃油,两驱
615,A,闪耀黑,无对比颜色,BZ12GCY0000302,燃油,两驱
616,B,水晶珍珠白,无对比颜色,AZ62GCY0000279,燃油,两驱
617,B,水晶珍珠白,无对比颜色,AZ62GCY0000279,燃油,两驱
618,A,水晶珍珠白,石黑,BZ14GCY0000248,燃油,四驱
619,B,闪耀黑,无对比颜色,AZ62GCY0000276,燃油,两驱
620,B,水晶珍珠白,石黑,AZ62GFF0000271,混动,两驱
621,B,天空灰,石黑,AZ62GFF0000253,混动,两驱
622,A,水晶珍珠白,石黑,AZ62GFF0000281,混动,两驱
623,B,闪耀黑,无对比颜色,AZ62GCY0000258,燃油,两驱
624,A,闪耀黑,无对比颜色,BZ12GCY0000302,燃油,两驱
625,B,天空灰,石黑,AZ62GFF0000306,混动,两驱
626,B,飞行蓝,石黑,AZ62GCY0000243,燃油,两驱
627,A,天空灰,无对比颜色,BZ12GCY0000246,燃油,两驱
628,B,闪耀黑,无对比颜色,AZ62GCY0000276,燃油,两驱
629,B,液态灰,无对比颜色,AZ32GCY0000249,燃油,两驱
630,B,天空灰,石黑,AZ64GCY0000256,燃油,四驱
631,A,天空灰,石黑,AZ62GFF0000275,混动,两驱
632,A,天空灰,石黑,AZ62GFF0000275,混动,两驱
633,B,水晶珍珠白,石黑,AZ62GFF0000271,混动,两驱
634,A,天空灰,石黑,BZ14GCY0000292,燃油,四驱
635,B,水晶珍珠白,石黑,AZ62GFF0000271,混动,两驱
636,A,水晶紫,石黑,AZ62GFF0000269,混动,两驱
637,A,天空灰,石黑,BZ14GCY0000292,燃油,四驱
638,B,飞行蓝,石黑,AZ62GCY0000243,燃油,两驱
639,B,水晶珍珠白,石黑,AZ62GFF0000271,混动,两驱
640,A,水晶紫,石黑,AZ62GFF0000269,混动,两驱
641,A,水晶珍珠白,无对比颜色,BZ12GCY0000298,燃油,两驱
642,B,水晶珍珠白,无对比颜色,AZ62GFF0000273,混动,两驱
643,B,飞行蓝,石黑,AZ62GFF0000252,混动,两驱
644,A,闪耀黑,无对比颜色,BZ12GCY0000302,燃油,两驱
645,B,天空灰,无对比颜色,AZ62GFF0000257,混动,两驱
646,B,闪耀黑,无对比颜色,AZ62GFF0000263,混动,两驱
647,A,闪耀黑,无对比颜色,BZ12GCY0000245,燃油,两驱
648,A,天空灰,石黑,BZ12GCY0000274,燃油,两驱
649,B,天空灰,石黑,AZ64GCY0000256,燃油,四驱
650,B,天空灰,石黑,AZ62GFF0000253,混动,两驱
651,B,水晶珍珠白,无对比颜色,AZ62GCY0000279,燃油,两驱
652,B,天空灰,无对比颜色,AZ62GCY0000300,燃油,两驱
653,B,水晶珍珠白,无对比颜色,AZ62GCY0000279,燃油,两驱
654,A,天空灰,石黑,BZ12GCY0000285,燃油,两驱
655,A,水晶珍珠白,石黑,BZ12GCY0000251,燃油,两驱
656,A,闪耀黑,无对比颜色,BZ12GCY0000245,燃油,两驱
657,B,天空灰,石黑,AZ62GCY0000264,燃油,两驱
658,A,闪耀黑,无对比颜色,BZ14GCY0000287,燃油,四驱
659,B,水晶紫,石黑,AZ62GFF0000305,混动,两驱
660,A,闪耀黑,无对比颜色,BZ12GCY0000245,燃油,两驱
661,B,水晶珍珠白,无对比颜色,AZ62GCY0000279,燃油,两驱
662,B,天空灰,无对比颜色,AZ62GCY0000300,燃油,两驱
663,A,水晶珍珠白,石黑,BZ12GCY0000235,燃油,两驱
664,A,天空灰,石黑,AZ62GFF0000275,混动,两驱
665,A,闪耀黑,无对比颜色,BZ12GCY0000241,燃油,两驱
666,B,天空灰,无对比颜色,AZ62GCY0000300,燃油,两驱
667,B,水晶珍珠白,无对比颜色,AZ62GCY0000279,燃油,两驱
668,B,闪耀黑,无对比颜色,AZ62GCY0000276,燃油,两驱
669,A,天空灰,石黑,BZ12GCY0000285,燃油,两驱
670,A,水晶紫,石黑,AZ62GFF0000269,混动,两驱
671,A,水晶珍珠白,石黑,BZ12GCY0000251,燃油,两驱
672,B,水晶珍珠白,石黑,AZ62GFF0000271,混动,两驱
673,B,水晶珍珠白,无对比颜色,AZ62GCY0000279,燃油,两驱
674,A,天空灰,石黑,BZ14GCY0000292,燃油,四驱
675,B,水晶珍珠白,无对比颜色,AZ62GCY0000279,燃油,两驱
676,A,天空灰,石黑,BZ12GCY0000274,燃油,两驱
677,B,水晶珍珠白,无对比颜色,AZ62GCY0000279,燃油,两驱
678,A,天空灰,石黑,BZ14GCY0000292,燃油,四驱
679,B,水晶珍珠白,石黑,AZ32GCY0000268,燃油,两驱
680,B,水晶珍珠白,石黑,AZ62GFF0000271,混动,两驱
681,B,薄雾灰,石黑,AZ32GCY0000288,燃油,两驱
682,B,水晶紫,石黑,AZ62GFF0000305,混动,两驱
683,A,天空灰,石黑,BZ14GCY0000292,燃油,四驱
684,B,天空灰,石黑,AZ64GCY0000256,燃油,四驱
685,B,薄雾灰,石黑,AZ32GCY0000267,燃油,两驱
686,B,闪耀黑,无对比颜色,AZ62GFF0000263,混动,两驱
687,B,天空灰,无对比颜色,AZ62GCY0000300,燃油,两驱
688,A,天空灰,石黑,BZ14GCY0000292,燃油,四驱
689,A,水晶珍珠白,无对比颜色,BZ12GCY0000298,燃油,两驱
690,A,天空灰,石黑,AZ62GFF0000275,混动,两驱
691,B,水晶紫,石黑,AZ62GFF0000305,混动,两驱
692,B,闪耀黑,无对比颜色,AZ62GCY0000258,燃油,两驱
693,A,水晶珍珠白,石黑,BZ14GCY0000248,燃油,四驱
694,B,闪耀黑,无对比颜色,AZ62GCY0000276,燃油,两驱
695,A,闪耀黑,无对比颜色,BZ12GCY0000245,燃油,两驱
696,B,水晶珍珠白,无对比颜色,AZ62GCY0000279,燃油,两驱
697,A,水晶珍珠白,石黑,AZ62GFF0000281,混动,两驱
698,A,天空灰,石黑,BZ14GCY0000292,燃油,四驱
699,B,天空灰,无对比颜色,AZ62GCY0000300,燃油,两驱
700,A,天空灰,石黑,AZ62GFF0000275,混动,两驱
701,A,探索绿,闪耀黑,AZ64GCY0000278,燃油,四驱
702,B,天空灰,无对比颜色,AZ62GFF0000257,混动,两驱
703,A,水晶紫,石黑,AZ62GFF0000269,混动,两驱
704,B,水晶珍珠白,无对比颜色,AZ62GCY0000279,燃油,两驱
705,A,天空灰,石黑,BZ14GCY0000292,燃油,四驱
706,B,闪耀黑,无对比颜色,AZ62GFF0000263,混动,两驱
707,B,闪耀黑,无对比颜色,AZ62GCY0000258,燃油,两驱
708,A,天空灰,石黑,BZ12GCY0000274,燃油,两驱
709,A,水晶珍珠白,石黑,BZ14GCY0000248,燃油,四驱
710,B,天空灰,石黑,AZ64GCY0000256,燃油,四驱
711,B,闪耀黑,无对比颜色,AZ62GCY0000258,燃油,两驱
712,A,天空灰,石黑,BZ12GCY0000285,燃油,两驱
713,A,天空灰,石黑,BZ12GCY0000285,燃油,两驱
714,A,天空灰,石黑,BZ14GCY0000292,燃油,四驱
715,A,天空灰,石黑,BZ12GCY0000285,燃油,两驱
716,A,水晶珍珠白,石黑,BZ12GCY0000284,燃油,两驱
717,B,水晶珍珠白,无对比颜色,AZ62GCY0000279,燃油,两驱
718,B,水晶珍珠白,无对比颜色,AZ62GCY0000279,燃油,两驱
719,B,水晶珍珠白,石黑,AZ32GCY0000236,燃油,两驱
720,B,水晶珍珠白,无对比颜色,AZ62GCY0000279,燃油,两驱
721,A,水晶紫,石黑,AZ62GFF0000269,混动,两驱
722,A,闪耀黑,无对比颜色,BZ12GCY0000245,燃油,两驱
723,B,天空灰,石黑,AZ64GCY0000256,燃油,四驱
724,B,水晶珍珠白,无对比颜色,AZ62GCY0000279,燃油,两驱
725,A,水晶珍珠白,石黑,BZ12GCY0000284,燃油,两驱
726,B,水晶珍珠白,石黑,AZ32GCY0000283,燃油,两驱
727,B,闪耀黑,无对比颜色,AZ62GCY0000276,燃油,两驱
728,A,水晶紫,石黑,AZ62GFF0000269,混动,两驱
729,B,水晶珍珠白,石黑,AZ32GCY0000261,燃油,两驱
730,B,天空灰,无对比颜色,AZ62GCY0000300,燃油,两驱
731,A,天空灰,石黑,BZ14GCY0000292,燃油,四驱
732,B,水晶珍珠白,无对比颜色,AZ62GCY0000279,燃油,两驱
733,B,水晶珍珠白,石黑,AZ32GCY0000260,燃油,两驱
734,B,天空灰,无对比颜色,AZ62GCY0000300,燃油,两驱
735,A,闪耀黑,无对比颜色,BZ12GCY0000302,燃油,两驱
736,A,天空灰,石黑,BZ14GCY0000292,燃油,四驱
737,B,闪耀黑,无对比颜色,AZ32GCY0000265,燃油,两驱
738,B,闪耀黑,无对比颜色,AZ62GCY0000258,燃油,两驱
739,A,天空灰,石黑,BZ14GCY0000292,燃油,四驱
740,B,飞行蓝,石黑,AZ62GCY0000243,燃油,两驱
741,A,天空灰,石黑,BZ12GCY0000285,燃油,两驱
742,A,闪耀黑,无对比颜色,BZ14GCY0000287,燃油,四驱
743,B,闪耀黑,无对比颜色,AZ32GCY0000265,燃油,两驱
744,B,水晶珍珠白,石黑,AZ62GFF0000271,混动,两驱
745,B,天空灰,无对比颜色,AZ62GCY0000300,燃油,两驱
746,B,闪耀黑,无对比颜色,AZ62GCY0000258,燃油,两驱
747,A,水晶珍珠白,石黑,BZ12GCY0000284,燃油,两驱
748,A,水晶珍珠白,石黑,BZ12GCY0000284,燃油,两驱
749,A,天空灰,石黑,BZ12GCY0000285,燃油,两驱
750,B,水晶珍珠白,石黑,AZ62GFF0000271,混动,两驱
751,B,天空灰,无对比颜色,AZ62GFF0000257,混动,两驱
752,B,水晶珍珠白,无对比颜色,AZ62GCY0000279,燃油,两驱
753,A,闪耀黑,无对比颜色,BZ12GCY0000241,燃油,两驱
754,A,天空灰,石黑,BZ14GCY0000292,燃油,四驱
755,B,天空灰,无对比颜色,AZ62GCY0000300,燃油,两驱
756,B,闪耀黑,无对比颜色,AZ64GCY0000262,燃油,四驱
757,A,水晶珍珠白,石黑,BZ14GCY0000248,燃油,四驱
758,B,水晶珍珠白,石黑,AZ32GCY0000261,燃油,两驱
759,B,天空灰,无对比颜色,AZ62GCY0000300,燃油,两驱
760,A,闪耀黑,无对比颜色,BZ12GCY0000302,燃油,两驱
761,A,飞行蓝,石黑,BZ12GCY0000238,燃油,两驱
762,B,闪耀黑,无对比颜色,AZ62GFF0000263,混动,两驱
763,B,天空灰,无对比颜色,AZ62GCY0000300,燃油,两驱
764,A,天空灰,石黑,BZ12GCY0000274,燃油,两驱
765,B,天空灰,无对比颜色,AZ62GCY0000300,燃油,两驱
766,B,水晶珍珠白,无对比颜色,AZ62GCY0000279,燃油,两驱
767,A,天空灰,石黑,BZ14GCY0000292,燃油,四驱
768,A,天空灰,石黑,BZ14GCY0000292,燃油,四驱
769,B,水晶珍珠白,石黑,AZ62GFF0000271,混动,两驱
770,A,天空灰,石黑,BZ12GCY0000274,燃油,两驱
771,A,水晶紫,石黑,AZ62GFF0000269,混动,两驱
772,B,水晶珍珠白,石黑,AZ64GCY0000303,燃油,四驱
773,B,水晶珍珠白,无对比颜色,AZ62GFF0000273,混动,两驱
774,B,闪耀黑,无对比颜色,AZ62GCY0000293,燃油,两驱
775,B,闪耀黑,无对比颜色,AZ62GCY0000258,燃油,两驱
776,A,闪耀黑,无对比颜色,BZ12GCY0000302,燃油,两驱
777,A,天空灰,石黑,BZ12GCY0000285,燃油,两驱
778,B,水晶珍珠白,无对比颜色,AZ62GCY0000279,燃油,两驱
779,A,天空灰,石黑,BZ12GCY0000274,燃油,两驱
780,B,天空灰,无对比颜色,AZ62GCY0000300,燃油,两驱
781,A,闪耀黑,无对比颜色,BZ12GCY0000247,燃油,两驱
782,A,水晶珍珠白,石黑,BZ12GCY0000251,燃油,两驱
783,B,水晶珍珠白,无对比颜色,AZ62GCY0000279,燃油,两驱
784,B,天空灰,无对比颜色,AZ62GCY0000300,燃油,两驱
785,B,天空灰,石黑,AZ62GCY0000264,燃油,两驱
786,A,天空灰,石黑,BZ12GCY0000274,燃油,两驱
787,A,天空灰,无对比颜色,BZ12GCY0000307,燃油,两驱
788,B,天空灰,石黑,AZ64GCY0000256,燃油,四驱
789,A,闪耀黑,无对比颜色,BZ12GCY0000245,燃油,两驱
790,B,天空灰,无对比颜色,AZ62GCY0000300,燃油,两驱
791,A,天空灰,石黑,BZ12GCY0000285,燃油,两驱
792,A,闪耀黑,无对比颜色,BZ14GCY0000287,燃油,四驱
793,B,飞行蓝,石黑,AZ62GCY0000243,燃油,两驱
794,A,天空灰,石黑,BZ12GCY0000274,燃油,两驱
795,B,天空灰,无对比颜色,AZ62GCY0000300,燃油,两驱
796,B,天空灰,无对比颜色,AZ62GCY0000300,燃油,两驱
797,B,飞行蓝,石黑,AZ62GCY0000243,燃油,两驱
798,B,天空灰,无对比颜色,AZ62GCY0000300,燃油,两驱
799,A,天空灰,石黑,AZ62GFF0000275,混动,两驱
800,A,天空灰,石黑,BZ12GCY0000274,燃油,两驱
801,B,天空灰,无对比颜色,AZ62GCY0000300,燃油,两驱
802,A,闪耀黑,无对比颜色,BZ14GCY0000287,燃油,四驱
803,A,天空灰,石黑,BZ14GCY0000292,燃油,四驱
804,B,天空灰,无对比颜色,AZ62GCY0000300,燃油,两驱
805,A,天空灰,石黑,BZ14GCY0000292,燃油,四驱
806,A,水晶珍珠白,石黑,AZ62GFF0000281,混动,两驱
807,A,飞行蓝,石黑,BZ12GCY0000238,燃油,两驱
808,B,闪耀黑,无对比颜色,AZ64GCY0000262,燃油,四驱
809,A,天空灰,石黑,BZ12GCY0000285,燃油,两驱
810,A,天空灰,石黑,BZ14GCY0000292,燃油,四驱
811,A,闪耀黑,无对比颜色,BZ14GCY0000304,燃油,四驱
812,A,水晶紫,石黑,AZ62GFF0000269,混动,两驱
813,B,闪耀黑,无对比颜色,AZ62GFF0000263,混动,两驱
814,B,闪耀黑,无对比颜色,AZ62GCY0000276,燃油,两驱
815,A,天空灰,石黑,BZ12GCY0000285,燃油,两驱
816,A,水晶紫,石黑,AZ62GFF0000269,混动,两驱
817,A,闪耀黑,无对比颜色,BZ14GCY0000304,燃油,四驱
818,A,闪耀黑,无对比颜色,BZ14GCY0000308,燃油,四驱
819,B,天空灰,无对比颜色,AZ62GFF0000257,混动,两驱
820,B,水晶珍珠白,无对比颜色,AZ62GCY0000279,燃油,两驱
821,A,闪耀黑,无对比颜色,BZ14GCY0000287,燃油,四驱
822,A,闪耀黑,无对比颜色,AZ62GFF0000250,混动,两驱
823,B,水晶珍珠白,无对比颜色,AZ62GFF0000273,混动,两驱
824,A,天空灰,石黑,BZ12GCY0000274,燃油,两驱
825,B,天空灰,无对比颜色,AZ62GCY0000300,燃油,两驱
826,B,闪耀黑,无对比颜色,AZ64GCY0000262,燃油,四驱
827,A,闪耀黑,无对比颜色,BZ12GCY0000302,燃油,两驱
828,A,水晶珍珠白,石黑,BZ12GCY0000284,燃油,两驱
829,A,水晶珍珠白,无对比颜色,BZ12GCY0000298,燃油,两驱
830,A,水晶紫,石黑,AZ62GFF0000269,混动,两驱
831,B,水晶紫,石黑,AZ62GFF0000305,混动,两驱
832,A,闪耀黑,无对比颜色,BZ14GCY0000287,燃油,四驱
833,A,闪耀黑,无对比颜色,BZ14GCY0000287,燃油,四驱
834,A,闪耀黑,无对比颜色,BZ12GCY0000245,燃油,两驱
835,A,水晶紫,石黑,AZ62GFF0000269,混动,两驱
836,B,水晶珍珠白,无对比颜色,AZ62GCY0000279,燃油,两驱
837,A,天空灰,石黑,AZ62GFF0000275,混动,两驱
838,B,水晶珍珠白,石黑,AZ64GCY0000272,燃油,四驱
839,A,水晶珍珠白,石黑,AZ62GFF0000281,混动,两驱
840,A,水晶珍珠白,石黑,BZ14GCY0000248,燃油,四驱
841,B,闪耀黑,无对比颜色,AZ62GCY0000258,燃油,两驱
842,B,天空灰,无对比颜色,AZ62GCY0000300,燃油,两驱
843,A,天空灰,石黑,BZ12GCY0000285,燃油,两驱
844,B,水晶珍珠白,无对比颜色,AZ62GCY0000279,燃油,两驱
845,B,天空灰,无对比颜色,AZ62GCY0000300,燃油,两驱
846,B,天空灰,石黑,AZ64GCY0000256,燃油,四驱
847,A,天空灰,石黑,BZ14GCY0000292,燃油,四驱
848,B,水晶紫,石黑,AZ62GFF0000305,混动,两驱
849,B,闪耀黑,无对比颜色,AZ62GCY0000258,燃油,两驱
850,B,天空灰,无对比颜色,AZ62GCY0000300,燃油,两驱
851,B,水晶珍珠白,无对比颜色,AZ62GFF0000273,混动,两驱
852,A,水晶珍珠白,石黑,BZ12GCY0000251,燃油,两驱
853,B,闪耀黑,无对比颜色,AZ62GFF0000263,混动,两驱
854,B,明亮红,石黑,AZ64GCY0000282,燃油,四驱
855,B,闪耀黑,无对比颜色,AZ62GCY0000258,燃油,两驱
856,A,天空灰,石黑,BZ12GCY0000285,燃油,两驱
857,B,天空灰,无对比颜色,AZ62GFF0000257,混动,两驱
858,A,水晶珍珠白,无对比颜色,BZ12GCY0000298,燃油,两驱
859,B,天空灰,石黑,AZ62GFF0000253,混动,两驱
860,B,天空灰,无对比颜色,AZ62GCY0000300,燃油,两驱
861,A,天空灰,石黑,AZ62GFF0000275,混动,两驱
862,B,天空灰,石黑,AZ64GCY0000256,燃油,四驱
863,B,天空灰,无对比颜色,AZ62GCY0000300,燃油,两驱
864,B,薄雾灰,石黑,AZ32GCY0000277,燃油,两驱
865,A,天空灰,无对比颜色,BZ12GCY0000246,燃油,两驱
866,B,水晶珍珠白,无对比颜色,AZ62GFF0000273,混动,两驱
867,B,闪耀黑,无对比颜色,AZ62GFF0000263,混动,两驱
868,B,明亮红,石黑,AZ32GCY0000297,燃油,两驱
869,A,水晶珍珠白,石黑,BZ12GCY0000251,燃油,两驱
870,B,闪耀黑,无对比颜色,AZ62GCY0000258,燃油,两驱
871,A,天空灰,石黑,BZ14GCY0000292,燃油,四驱
872,B,闪耀黑,无对比颜色,AZ62GCY0000258,燃油,两驱
873,A,水晶珍珠白,石黑,BZ12GCY0000284,燃油,两驱
874,B,水晶珍珠白,无对比颜色,AZ62GCY0000279,燃油,两驱
875,A,水晶珍珠白,石黑,BZ14GCY0000248,燃油,四驱
876,B,天空灰,无对比颜色,AZ62GCY0000300,燃油,两驱
877,A,水晶珍珠白,石黑,BZ12GCY0000251,燃油,两驱
878,B,闪耀黑,无对比颜色,AZ64GCY0000262,燃油,四驱
879,B,天空灰,石黑,AZ64GCY0000256,燃油,四驱
880,A,天空灰,石黑,BZ12GCY0000285,燃油,两驱
881,B,闪耀黑,无对比颜色,AZ62GCY0000276,燃油,两驱
882,A,天空灰,石黑,BZ12GCY0000285,燃油,两驱
883,A,天空灰,石黑,BZ12GCY0000285,燃油,两驱
884,B,天空灰,无对比颜色,AZ62GFF0000257,混动,两驱
885,A,水晶珍珠白,无对比颜色,BZ12GCY0000298,燃油,两驱
886,A,水晶珍珠白,无对比颜色,BZ12GCY0000298,燃油,两驱
887,B,闪耀黑,无对比颜色,AZ62GFF0000263,混动,两驱
888,A,天空灰,石黑,AZ62GFF0000275,混动,两驱
889,A,水晶珍珠白,无对比颜色,BZ12GCY0000298,燃油,两驱
890,B,天空灰,无对比颜色,AZ62GCY0000300,燃油,两驱
891,A,天空灰,石黑,BZ14GCY0000292,燃油,四驱
892,A,天空灰,石黑,BZ12GCY0000285,燃油,两驱
893,A,天空灰,石黑,BZ14GCY0000292,燃油,四驱
894,B,天空灰,无对比颜色,AZ62GCY0000300,燃油,两驱
895,A,闪耀黑,无对比颜色,BZ12GCY0000302,燃油,两驱
896,A,水晶紫,石黑,AZ62GFF0000269,混动,两驱
897,B,天空灰,无对比颜色,AZ62GCY0000300,燃油,两驱
898,B,闪耀黑,无对比颜色,AZ62GCY0000276,燃油,两驱
899,B,天空灰,无对比颜色,AZ62GCY0000300,燃油,两驱
900,B,水晶珍珠白,石黑,AZ62GFF0000271,混动,两驱
901,B,闪耀黑,无对比颜色,AZ62GCY0000258,燃油,两驱
902,A,闪耀黑,无对比颜色,BZ12GCY0000302,燃油,两驱
903,B,水晶珍珠白,无对比颜色,AZ62GCY0000279,燃油,两驱
904,B,天空灰,无对比颜色,AZ62GCY0000300,燃油,两驱
905,A,水晶紫,石黑,AZ62GFF0000269,混动,两驱
906,B,天空灰,无对比颜色,AZ62GCY0000300,燃油,两驱
907,B,水晶珍珠白,石黑,AZ62GFF0000271,混动,两驱
908,B,天空灰,无对比颜色,AZ62GCY0000300,燃油,两驱
909,A,天空灰,石黑,BZ12GCY0000285,燃油,两驱
910,A,水晶珍珠白,石黑,BZ14GCY0000248,燃油,四驱
911,B,天空灰,无对比颜色,AZ62GCY0000300,燃油,两驱
912,A,天空灰,石黑,BZ12GCY0000285,燃油,两驱
913,A,水晶珍珠白,石黑,BZ14GCY0000248,燃油,四驱
914,B,薄雾灰,石黑,AZ32GCY0000288,燃油,两驱
915,A,闪耀黑,无对比颜色,BZ12GCY0000302,燃油,两驱
916,B,天空灰,无对比颜色,AZ62GCY0000300,燃油,两驱
917,A,天空灰,石黑,AZ62GFF0000275,混动,两驱
918,B,薄雾灰,石黑,AZ32GCY0000267,燃油,两驱
919,A,水晶紫,石黑,AZ62GFF0000269,混动,两驱
920,A,天空灰,石黑,BZ14GCY0000292,燃油,四驱
921,B,水晶珍珠白,石黑,AZ64GCY0000272,燃油,四驱
922,A,闪耀黑,无对比颜色,BZ14GCY0000308,燃油,四驱
923,A,闪耀黑,无对比颜色,BZ14GCY0000287,燃油,四驱
924,B,天空灰,石黑,AZ64GCY0000256,燃油,四驱
925,B,天空灰,无对比颜色,AZ62GCY0000300,燃油,两驱
926,B,天空灰,无对比颜色,AZ62GCY0000300,燃油,两驱
927,B,天空灰,无对比颜色,AZ62GCY0000300,燃油,两驱
928,A,天空灰,石黑,BZ12GCY0000285,燃油,两驱
929,B,闪耀黑,无对比颜色,AZ62GCY0000258,燃油,两驱
930,A,天空灰,石黑,BZ14GCY0000292,燃油,四驱
931,A,天空灰,石黑,BZ14GCY0000292,燃油,四驱
932,A,水晶珍珠白,石黑,AZ62GFF0000281,混动,两驱
933,A,天空灰,石黑,BZ12GCY0000274,燃油,两驱
934,B,水晶珍珠白,石黑,AZ62GFF0000271,混动,两驱
935,B,闪耀黑,无对比颜色,AZ64GCY0000262,燃油,四驱
936,B,水晶珍珠白,无对比颜色,AZ62GFF0000273,混动,两驱
937,A,天空灰,石黑,AZ62GFF0000275,混动,两驱
938,A,闪耀黑,无对比颜色,BZ12GCY0000245,燃油,两驱
939,A,天空灰,石黑,BZ14GCY0000292,燃油,四驱
940,B,明亮红,石黑,AZ64GCY0000282,燃油,四驱
941,B,水晶珍珠白,无对比颜色,AZ62GCY0000279,燃油,两驱
942,B,水晶珍珠白,无对比颜色,AZ62GCY0000279,燃油,两驱
943,A,水晶紫,石黑,AZ62GFF0000269,混动,两驱
944,B,天空灰,无对比颜色,AZ62GCY0000300,燃油,两驱
945,A,天空灰,石黑,BZ12GCY0000285,燃油,两驱
946,B,水晶珍珠白,石黑,AZ62GFF0000271,混动,两驱
947,B,天空灰,无对比颜色,AZ62GCY0000300,燃油,两驱
948,A,天空灰,石黑,BZ14GCY0000292,燃油,四驱
949,B,水晶珍珠白,无对比颜色,AZ62GCY0000279,燃油,两驱
950,B,水晶珍珠白,无对比颜色,AZ62GCY0000279,燃油,两驱
951,A,探索绿,闪耀黑,AZ64GCY0000278,燃油,四驱
952,A,闪耀黑,无对比颜色,BZ12GCY0000245,燃油,两驱
953,B,水晶珍珠白,无对比颜色,AZ62GCY0000279,燃油,两驱
954,A,天空灰,石黑,BZ14GCY0000292,燃油,四驱
955,B,水晶珍珠白,无对比颜色,AZ62GCY0000279,燃油,两驱
956,A,天空灰,石黑,BZ12GCY0000285,燃油,两驱
957,B,水晶珍珠白,石黑,AZ32GCY0000261,燃油,两驱
958,A,水晶紫,石黑,AZ62GFF0000269,混动,两驱
959,B,水晶珍珠白,无对比颜色,AZ62GCY0000279,燃油,两驱
960,A,天空灰,石黑,AZ62GFF0000275,混动,两驱
961,B,水晶珍珠白,石黑,AZ62GFF0000271,混动,两驱
962,B,闪耀黑,无对比颜色,AZ62GCY0000258,燃油,两驱
963,A,闪耀黑,无对比颜色,AZ62GFF0000250,混动,两驱
964,B,水晶珍珠白,无对比颜色,AZ62GCY0000279,燃油,两驱
965,B,天空灰,石黑,AZ64GCY0000299,燃油,四驱
966,B,液态灰,无对比颜色,AZ32GCY0000290,燃油,两驱
967,B,天空灰,石黑,AZ62GFF0000253,混动,两驱
968,A,天空灰,石黑,BZ12GCY0000285,燃油,两驱
969,A,天空灰,石黑,BZ12GCY0000285,燃油,两驱
970,B,水晶珍珠白,无对比颜色,AZ62GCY0000279,燃油,两驱
971,B,天空灰,石黑,AZ62GFF0000253,混动,两驱
972,B,水晶珍珠白,无对比颜色,AZ62GCY0000279,燃油,两驱
973,A,闪耀黑,无对比颜色,BZ12GCY0000302,燃油,两驱
974,B,天空灰,无对比颜色,AZ62GFF0000257,混动,两驱
975,A,水晶珍珠白,石黑,AZ62GCY0000239,燃油,两驱
976,B,天空灰,无对比颜色,AZ62GCY0000300,燃油,两驱
977,A,天空灰,石黑,AZ62GFF0000275,混动,两驱
978,A,水晶珍珠白,石黑,AZ62GFF0000281,混动,两驱
979,B,天空灰,无对比颜色,AZ62GFF0000257,混动,两驱
980,B,闪耀黑,无对比颜色,AZ62GFF0000263,混动,两驱
981,B,水晶珍珠白,石黑,AZ32GCY0000260,燃油,两驱
982,A,水晶珍珠白,石黑,BZ14GCY0000248,燃油,四驱
983,B,闪耀黑,无对比颜色,AZ62GFF0000263,混动,两驱
984,B,天空灰,无对比颜色,AZ62GCY0000300,燃油,两驱
985,A,闪耀黑,无对比颜色,BZ12GCY0000302,燃油,两驱
986,A,水晶珍珠白,石黑,BZ14GCY0000248,燃油,四驱
987,B,水晶珍珠白,石黑,AZ62GFF0000271,混动,两驱
988,A,天空灰,石黑,BZ14GCY0000292,燃油,四驱
989,A,水晶珍珠白,石黑,BZ14GCY0000248,燃油,四驱
990,A,水晶珍珠白,石黑,BZ12GCY0000251,燃油,两驱
991,B,天空灰,石黑,AZ62GFF0000253,混动,两驱
992,A,水晶珍珠白,石黑,AZ62GCY0000239,燃油,两驱
993,A,闪耀黑,无对比颜色,BZ14GCY0000304,燃油,四驱
994,A,天空灰,石黑,BZ12GCY0000285,燃油,两驱
995,A,闪耀黑,无对比颜色,BZ14GCY0000287,燃油,四驱
996,B,水晶紫,石黑,AZ62GFF0000305,混动,两驱
997,A,水晶紫,石黑,AZ62GFF0000269,混动,两驱
998,A,闪耀黑,无对比颜色,BZ12GCY0000245,燃油,两驱
999,B,天空灰,石黑,AZ62GCY0000264,燃油,两驱
1000,B,天空灰,石黑,AZ62GFF0000306,混动,两驱
1001,A,水晶珍珠白,石黑,BZ12GCY0000251,燃油,两驱
1002,B,水晶珍珠白,无对比颜色,AZ62GCY0000279,燃油,两驱
1003,B,天空灰,无对比颜色,AZ62GFF0000257,混动,两驱
1004,A,天空灰,石黑,BZ12GCY0000274,燃油,两驱
1005,B,天空灰,无对比颜色,AZ62GCY0000300,燃油,两驱
1006,B,天空灰,石黑,AZ64GCY0000256,燃油,四驱
1007,B,水晶珍珠白,无对比颜色,AZ62GCY0000279,燃油,两驱
1008,A,天空灰,石黑,BZ14GCY0000292,燃油,四驱
1009,A,水晶珍珠白,石黑,BZ12GCY0000251,燃油,两驱
1010,B,闪耀黑,无对比颜色,AZ62GFF0000263,混动,两驱
1011,B,天空灰,无对比颜色,AZ62GCY0000300,燃油,两驱
1012,A,天空灰,石黑,BZ12GCY0000285,燃油,两驱
1013,A,天空灰,石黑,BZ14GCY0000292,燃油,四驱
1014,A,闪耀黑,无对比颜色,BZ12GCY0000247,燃油,两驱
1015,A,天空灰,石黑,BZ12GCY0000285,燃油,两驱
1016,B,液态灰,无对比颜色,AZ32GCY0000249,燃油,两驱
1017,A,水晶珍珠白,石黑,BZ12GCY0000251,燃油,两驱
1018,B,明亮红,石黑,AZ64GCY0000282,燃油,四驱
1019,A,闪耀黑,无对比颜色,BZ12GCY0000302,燃油,两驱
1020,B,水晶珍珠白,无对比颜色,AZ62GCY0000279,燃油,两驱
1021,A,水晶珍珠白,石黑,BZ14GCY0000248,燃油,四驱
1022,B,水晶珍珠白,石黑,AZ32GCY0000260,燃油,两驱
1023,B,闪耀黑,无对比颜色,AZ64GCY0000262,燃油,四驱
1024,B,天空灰,无对比颜色,AZ62GCY0000300,燃油,两驱
1025,A,水晶珍珠白,石黑,BZ12GCY0000284,燃油,两驱
1026,A,天空灰,石黑,BZ14GCY0000292,燃油,四驱
1027,A,天空灰,石黑,BZ12GCY0000274,燃油,两驱
1028,A,天空灰,石黑,BZ12GCY0000274,燃油,两驱
1029,A,天空灰,石黑,BZ12GCY0000274,燃油,两驱
1030,A,探索绿,闪耀黑,AZ64GCY0000278,燃油,四驱
1031,A,闪耀黑,无对比颜色,BZ12GCY0000302,燃油,两驱
1032,A,闪耀黑,无对比颜色,AZ62GFF0000250,混动,两驱
1033,A,水晶珍珠白,石黑,AZ62GFF0000281,混动,两驱
1034,B,闪耀黑,无对比颜色,AZ64GCY0000280,燃油,四驱
1035,A,天空灰,石黑,BZ12GCY0000285,燃油,两驱
1036,B,天空灰,石黑,AZ64GCY0000256,燃油,四驱
1037,A,天空灰,石黑,BZ12GCY0000274,燃油,两驱
1038,A,天空灰,石黑,BZ14GCY0000292,燃油,四驱
1039,B,天空灰,无对比颜色,AZ62GCY0000300,燃油,两驱
1040,A,天空灰,石黑,BZ12GCY0000274,燃油,两驱
1041,A,探索绿,闪耀黑,AZ64GCY0000278,燃油,四驱
1042,A,天空灰,石黑,BZ12GCY0000285,燃油,两驱
1043,B,水晶珍珠白,无对比颜色,AZ62GCY0000279,燃油,两驱
1044,A,水晶珍珠白,石黑,AZ62GFF0000281,混动,两驱
1045,A,水晶紫,石黑,AZ62GFF0000269,混动,两驱
1046,B,闪耀黑,无对比颜色,AZ62GFF0000263,混动,两驱
1047,A,闪耀黑,无对比颜色,BZ12GCY0000245,燃油,两驱
1048,B,闪耀黑,无对比颜色,AZ62GFF0000263,混动,两驱
1049,A,天空灰,石黑,BZ14GCY0000292,燃油,四驱
1050,A,水晶珍珠白,石黑,AZ62GFF0000281,混动,两驱
1051,A,水晶珍珠白,石黑,BZ12GCY0000251,燃油,两驱
1052,B,闪耀黑,无对比颜色,AZ62GCY0000276,燃油,两驱
1053,B,水晶珍珠白,石黑,AZ64GCY0000272,燃油,四驱
1054,A,天空灰,无对比颜色,BZ12GCY0000246,燃油,两驱
1055,B,天空灰,无对比颜色,AZ62GCY0000300,燃油,两驱
1056,A,天空灰,石黑,BZ12GCY0000285,燃油,两驱
1057,B,闪耀黑,无对比颜色,AZ62GCY0000258,燃油,两驱
1058,B,天空灰,无对比颜色,AZ62GCY0000300,燃油,两驱
1059,A,水晶珍珠白,石黑,BZ12GCY0000251,燃油,两驱
1060,A,天空灰,石黑,BZ14GCY0000292,燃油,四驱
1061,B,水晶珍珠白,无对比颜色,AZ62GCY0000279,燃油,两驱
1062,B,飞行蓝,石黑,AZ62GFF0000252,混动,两驱
1063,A,闪耀黑,无对比颜色,BZ12GCY0000302,燃油,两驱
1064,A,天空灰,石黑,BZ14GCY0000292,燃油,四驱
1065,B,薄雾灰,石黑,AZ32GCY0000288,燃油,两驱
1066,B,水晶珍珠白,无对比颜色,AZ62GCY0000279,燃油,两驱
1067,A,天空灰,石黑,AZ62GFF0000275,混动,两驱
1068,A,天空灰,石黑,BZ12GCY0000285,燃油,两驱
1069,A,天空灰,石黑,BZ12GCY0000285,燃油,两驱
1070,A,天空灰,石黑,BZ14GCY0000292,燃油,四驱
1071,A,天空灰,石黑,AZ62GFF0000275,混动,两驱
1072,B,水晶珍珠白,石黑,AZ62GFF0000271,混动,两驱
1073,B,水晶珍珠白,石黑,AZ62GFF0000271,混动,两驱
1074,B,天空灰,无对比颜色,AZ62GCY0000300,燃油,两驱
1075,B,水晶珍珠白,石黑,AZ64GCY0000272,燃油,四驱
1076,A,水晶珍珠白,石黑,BZ12GCY0000251,燃油,两驱
1077,B,天空灰,无对比颜色,AZ62GCY0000300,燃油,两驱
1078,A,天空灰,石黑,BZ12GCY0000274,燃油,两驱
1079,A,飞行蓝,石黑,BZ12GCY0000238,燃油,两驱
1080,A,天空灰,石黑,BZ14GCY0000292,燃油,四驱
1081,B,水晶珍珠白,无对比颜色,AZ62GFF0000273,混动,两驱
1082,B,水晶珍珠白,石黑,AZ62GFF0000271,混动,两驱
1083,B,水晶紫,石黑,AZ62GFF0000305,混动,两驱
1084,B,水晶珍珠白,石黑,AZ62GFF0000271,混动,两驱
1085,A,天空灰,无对比颜色,BZ12GCY0000266,燃油,两驱
1086,B,天空灰,无对比颜色,AZ62GCY0000300,燃油,两驱
1087,B,液态灰,无对比颜色,AZ32GCY0000290,燃油,两驱
1088,B,天空灰,石黑,AZ62GFF0000253,混动,两驱
1089,B,天空灰,无对比颜色,AZ62GCY0000300,燃油,两驱
1090,B,水晶珍珠白,无对比颜色,AZ62GCY0000279,燃油,两驱
1091,A,天空灰,石黑,AZ62GFF0000275,混动,两驱
1092,B,天空灰,无对比颜色,AZ62GCY0000300,燃油,两驱
1093,A,水晶珍珠白,石黑,BZ12GCY0000251,燃油,两驱
1094,B,天空灰,无对比颜色,AZ62GCY0000300,燃油,两驱
1095,A,水晶紫,石黑,AZ62GFF0000269,混动,两驱
1096,A,天空灰,石黑,BZ12GCY0000285,燃油,两驱
1097,B,闪耀黑,无对比颜色,AZ62GCY0000276,燃油,两驱
1098,A,水晶珍珠白,石黑,BZ12GCY0000251,燃油,两驱
1099,A,闪耀黑,无对比颜色,BZ12GCY0000245,燃油,两驱
1100,A,天空灰,石黑,BZ12GCY0000274,燃油,两驱
1101,B,天空灰,无对比颜色,AZ62GCY0000300,燃油,两驱
1102,A,天空灰,石黑,BZ12GCY0000274,燃油,两驱
1103,A,闪耀黑,无对比颜色,BZ12GCY0000245,燃油,两驱
1104,B,水晶珍珠白,石黑,AZ62GFF0000271,混动,两驱
1105,A,闪耀黑,无对比颜色,BZ12GCY0000302,燃油,两驱
1106,A,天空灰,石黑,AZ62GFF0000275,混动,两驱
1107,B,天空灰,无对比颜色,AZ62GCY0000300,燃油,两驱
1108,B,天空灰,无对比颜色,AZ62GCY0000300,燃油,两驱
1109,B,闪耀黑,无对比颜色,AZ62GCY0000276,燃油,两驱
1110,A,天空灰,石黑,BZ12GCY0000274,燃油,两驱
1111,A,水晶紫,石黑,AZ62GFF0000269,混动,两驱
1112,B,飞行蓝,石黑,AZ62GCY0000243,燃油,两驱
1113,B,天空灰,石黑,AZ62GCY0000264,燃油,两驱
1114,A,闪耀黑,无对比颜色,BZ12GCY0000245,燃油,两驱
1115,B,天空灰,无对比颜色,AZ62GFF0000257,混动,两驱
1116,A,水晶紫,石黑,AZ62GFF0000269,混动,两驱
1117,A,天空灰,石黑,BZ12GCY0000285,燃油,两驱
1118,B,飞行蓝,石黑,AZ62GCY0000243,燃油,两驱
1119,B,水晶珍珠白,无对比颜色,AZ62GCY0000279,燃油,两驱
1120,A,闪耀黑,无对比颜色,BZ14GCY0000308,燃油,四驱
1121,B,水晶珍珠白,石黑,AZ62GFF0000271,混动,两驱
1122,A,天空灰,石黑,BZ14GCY0000292,燃油,四驱
1123,A,水晶珍珠白,石黑,BZ14GCY0000248,燃油,四驱
1124,B,天空灰,石黑,AZ64GCY0000256,燃油,四驱
1125,B,水晶珍珠白,无对比颜色,AZ62GFF0000273,混动,两驱
1126,B,天空灰,无对比颜色,AZ62GCY0000300,燃油,两驱
1127,A,闪耀黑,无对比颜色,BZ14GCY0000308,燃油,四驱
1128,B,天空灰,无对比颜色,AZ62GCY0000300,燃油,两驱
1129,B,天空灰,无对比颜色,AZ62GCY0000300,燃油,两驱
1130,A,水晶珍珠白,无对比颜色,BZ12GCY0000298,燃油,两驱
1131,B,液态灰,无对比颜色,AZ32GCY0000249,燃油,两驱
1132,A,天空灰,石黑,BZ14GCY0000292,燃油,四驱
1133,B,天空灰,无对比颜色,AZ62GCY0000300,燃油,两驱
1134,A,水晶珍珠白,石黑,BZ12GCY0000284,燃油,两驱
1135,A,天空灰,石黑,BZ12GCY0000285,燃油,两驱
1136,B,水晶珍珠白,石黑,AZ62GFF0000271,混动,两驱
1137,A,天空灰,石黑,BZ12GCY0000274,燃油,两驱
1138,B,闪耀黑,无对比颜色,AZ64GCY0000294,燃油,四驱
1139,A,水晶珍珠白,石黑,BZ12GCY0000284,燃油,两驱
1140,B,天空灰,无对比颜色,AZ62GCY0000300,燃油,两驱
1141,B,飞行蓝,石黑,AZ62GCY0000243,燃油,两驱
1142,A,天空灰,石黑,BZ14GCY0000292,燃油,四驱
1143,A,水晶紫,石黑,AZ62GFF0000269,混动,两驱
1144,A,天空灰,石黑,BZ12GCY0000285,燃油,两驱
1145,B,水晶珍珠白,无对比颜色,AZ62GCY0000279,燃油,两驱
1146,B,水晶珍珠白,无对比颜色,AZ62GFF0000273,混动,两驱
1147,A,闪耀黑,无对比颜色,AZ62GFF0000250,混动,两驱
1148,B,闪耀黑,无对比颜色,AZ62GFF0000263,混动,两驱
1149,B,天空灰,石黑,AZ64GCY0000256,燃油,四驱
1150,A,闪耀黑,无对比颜色,BZ12GCY0000302,燃油,两驱
1151,A,水晶珍珠白,石黑,BZ12GCY0000284,燃油,两驱
1152,B,闪耀黑,无对比颜色,AZ62GCY0000258,燃油,两驱
1153,A,闪耀黑,无对比颜色,BZ14GCY0000287,燃油,四驱
1154,B,水晶珍珠白,石黑,AZ32GCY0000283,燃油,两驱
1155,A,天空灰,石黑,BZ14GCY0000292,燃油,四驱
1156,A,水晶紫,石黑,AZ62GFF0000269,混动,两驱
1157,B,水晶珍珠白,石黑,AZ62GFF0000271,混动,两驱
1158,B,天空灰,无对比颜色,AZ62GCY0000300,燃油,两驱
1159,B,水晶珍珠白,无对比颜色,AZ62GCY0000279,燃油,两驱
1160,B,水晶珍珠白,无对比颜色,AZ62GCY0000279,燃油,两驱
1161,A,天空灰,石黑,BZ12GCY0000285,燃油,两驱
1162,A,闪耀黑,无对比颜色,BZ14GCY0000287,燃油,四驱
1163,A,天空灰,无对比颜色,BZ12GCY0000266,燃油,两驱
1164,B,水晶珍珠白,无对比颜色,AZ62GCY0000279,燃油,两驱
1165,A,天空灰,石黑,BZ14GCY0000292,燃油,四驱
1166,A,天空灰,石黑,BZ12GCY0000291,燃油,两驱
1167,B,天空灰,无对比颜色,AZ62GFF0000257,混动,两驱
1168,A,水晶珍珠白,石黑,BZ12GCY0000251,燃油,两驱
1169,A,天空灰,石黑,BZ12GCY0000291,燃油,两驱
1170,B,水晶珍珠白,石黑,AZ32GCY0000261,燃油,两驱
1171,B,闪耀黑,无对比颜色,AZ64GCY0000262,燃油,四驱
1172,B,水晶珍珠白,石黑,AZ62GFF0000271,混动,两驱
1173,A,闪耀黑,无对比颜色,BZ14GCY0000287,燃油,四驱
1174,A,天空灰,石黑,BZ14GCY0000292,燃油,四驱
1175,B,水晶珍珠白,无对比颜色,AZ62GCY0000279,燃油,两驱
1176,A,天空灰,石黑,BZ12GCY0000274,燃油,两驱
1177,B,水晶珍珠白,石黑,AZ32GCY0000260,燃油,两驱
1178,A,天空灰,石黑,BZ12GCY0000285,燃油,两驱
1179,A,天空灰,石黑,BZ12GCY0000285,燃油,两驱
1180,A,水晶紫,石黑,AZ62GFF0000269,混动,两驱
1181,B,飞行蓝,石黑,AZ62GFF0000252,混动,两驱
1182,B,闪耀黑,无对比颜色,AZ62GCY0000276,燃油,两驱
1183,B,液态灰,无对比颜色,AZ32GCY0000249,燃油,两驱
1184,B,闪耀黑,无对比颜色,AZ62GCY0000258,燃油,两驱
1185,A,闪耀黑,无对比颜色,BZ14GCY0000304,燃油,四驱
1186,B,天空灰,石黑,AZ62GFF0000253,混动,两驱
1187,A,水晶珍珠白,石黑,BZ14GCY0000248,燃油,四驱
1188,A,天空灰,石黑,BZ12GCY0000274,燃油,两驱
1189,A,水晶珍珠白,石黑,AZ64GCY0000289,燃油,四驱
1190,A,天空灰,石黑,BZ12GCY0000274,燃油,两驱
1191,B,明亮红,石黑,AZ32GCY0000297,燃油,两驱
1192,A,天空灰,石黑,BZ14GCY0000292,燃油,四驱
1193,A,天空灰,石黑,BZ12GCY0000285,燃油,两驱
1194,B,水晶珍珠白,石黑,AZ62GFF0000271,混动,两驱
1195,A,闪耀黑,无对比颜色,AZ62GFF0000250,混动,两驱
1196,A,天空灰,石黑,BZ12GCY0000274,燃油,两驱
1197,A,天空灰,石黑,BZ14GCY0000292,燃油,四驱
1198,A,天空灰,石黑,BZ12GCY0000285,燃油,两驱
1199,A,天空灰,石黑,BZ14GCY0000292,燃油,四驱
1200,A,水晶珍珠白,石黑,AZ62GFF0000281,混动,两驱
1201,B,天空灰,无对比颜色,AZ62GCY0000300,燃油,两驱
1202,B,水晶珍珠白,无对比颜色,AZ62GCY0000279,燃油,两驱
1203,A,闪耀黑,无对比颜色,BZ12GCY0000245,燃油,两驱
1204,B,闪耀黑,无对比颜色,AZ62GCY0000258,燃油,两驱
1205,B,水晶珍珠白,无对比颜色,AZ62GCY0000279,燃油,两驱
1206,B,水晶紫,石黑,AZ62GFF0000305,混动,两驱
1207,B,天空灰,无对比颜色,AZ62GCY0000300,燃油,两驱
1208,A,水晶珍珠白,石黑,AZ64GCY0000289,燃油,四驱
1209,A,水晶珍珠白,石黑,BZ12GCY0000284,燃油,两驱
1210,B,飞行蓝,石黑,AZ62GFF0000252,混动,两驱
1211,A,天空灰,石黑,BZ14GCY0000292,燃油,四驱
1212,A,闪耀黑,无对比颜色,BZ14GCY0000308,燃油,四驱
1213,A,天空灰,石黑,BZ14GCY0000292,燃油,四驱
1214,B,天空灰,石黑,AZ64GCY0000256,燃油,四驱
1215,A,天空灰,石黑,BZ12GCY0000274,燃油,两驱
1216,A,水晶珍珠白,石黑,BZ12GCY0000251,燃油,两驱
1217,B,水晶珍珠白,无对比颜色,AZ62GCY0000279,燃油,两驱
1218,A,闪耀黑,无对比颜色,BZ14GCY0000308,燃油,四驱
1219,B,闪耀黑,无对比颜色,AZ62GCY0000258,燃油,两驱
1220,B,天空灰,无对比颜色,AZ62GCY0000300,燃油,两驱
1221,A,水晶紫,石黑,AZ62GFF0000269,混动,两驱
1222,B,水晶珍珠白,石黑,AZ62GFF0000271,混动,两驱
1223,A,水晶珍珠白,石黑,BZ14GCY0000248,燃油,四驱
1224,B,水晶珍珠白,无对比颜色,AZ62GCY0000279,燃油,两驱
1225,B,水晶珍珠白,无对比颜色,AZ62GCY0000279,燃油,两驱
1226,B,水晶珍珠白,石黑,AZ64GCY0000272,燃油,四驱
1227,A,闪耀黑,无对比颜色,BZ14GCY0000308,燃油,四驱
1228,B,水晶珍珠白,石黑,AZ62GFF0000271,混动,两驱
1229,B,闪耀黑,无对比颜色,AZ62GCY0000258,燃油,两驱
1230,B,天空灰,无对比颜色,AZ62GCY0000300,燃油,两驱
1231,B,薄雾灰,石黑,AZ32GCY0000288,燃油,两驱
1232,A,水晶紫,石黑,AZ62GFF0000269,混动,两驱
1233,A,闪耀黑,无对比颜色,BZ12GCY0000245,燃油,两驱
1234,B,天空灰,无对比颜色,AZ62GCY0000300,燃油,两驱
1235,B,水晶珍珠白,无对比颜色,AZ62GCY0000279,燃油,两驱
1236,B,天空灰,石黑,AZ64GCY0000256,燃油,四驱
1237,A,闪耀黑,无对比颜色,BZ12GCY0000302,燃油,两驱
1238,B,闪耀黑,无对比颜色,AZ62GCY0000258,燃油,两驱
1239,B,飞行蓝,石黑,AZ62GFF0000252,混动,两驱
1240,A,天空灰,石黑,BZ14GCY0000292,燃油,四驱
1241,B,天空灰,石黑,AZ64GCY0000256,燃油,四驱
1242,B,天空灰,石黑,AZ64GCY0000256,燃油,四驱
1243,B,天空灰,无对比颜色,AZ62GCY0000300,燃油,两驱
1244,B,天空灰,石黑,AZ62GFF0000253,混动,两驱
1245,B,天空灰,无对比颜色,AZ62GCY0000300,燃油,两驱
1246,A,闪耀黑,无对比颜色,BZ14GCY0000308,燃油,四驱
1247,A,水晶珍珠白,石黑,BZ12GCY0000251,燃油,两驱
1248,B,水晶珍珠白,无对比颜色,AZ62GCY0000279,燃油,两驱
1249,B,闪耀黑,无对比颜色,AZ64GCY0000262,燃油,四驱
1250,A,闪耀黑,无对比颜色,BZ14GCY0000304,燃油,四驱
1251,B,水晶珍珠白,石黑,AZ32GCY0000261,燃油,两驱
1252,B,水晶珍珠白,无对比颜色,AZ62GCY0000279,燃油,两驱
1253,B,闪耀黑,无对比颜色,AZ64GCY0000262,燃油,四驱
1254,B,水晶珍珠白,石黑,AZ32GCY0000260,燃油,两驱
1255,B,飞行蓝,石黑,AZ62GCY0000243,燃油,两驱
1256,B,水晶珍珠白,无对比颜色,AZ62GCY0000279,燃油,两驱
1257,B,液态灰,无对比颜色,AZ32GCY0000249,燃油,两驱
1258,B,水晶珍珠白,无对比颜色,AZ62GCY0000279,燃油,两驱
1259,B,天空灰,无对比颜色,AZ62GCY0000300,燃油,两驱
1260,B,天空灰,无对比颜色,AZ62GCY0000300,燃油,两驱
1261,A,天空灰,石黑,BZ14GCY0000292,燃油,四驱
1262,A,天空灰,石黑,BZ12GCY0000285,燃油,两驱
1263,B,天空灰,无对比颜色,AZ62GCY0000300,燃油,两驱
1264,A,天空灰,石黑,BZ12GCY0000274,燃油,两驱
1265,A,天空灰,石黑,BZ14GCY0000292,燃油,四驱
1266,A,水晶珍珠白,无对比颜色,BZ12GCY0000244,燃油,两驱
1267,B,天空灰,无对比颜色,AZ62GCY0000300,燃油,两驱
1268,B,水晶珍珠白,石黑,AZ64GCY0000272,燃油,四驱
1269,B,闪耀黑,无对比颜色,AZ62GCY0000258,燃油,两驱
1270,B,天空灰,无对比颜色,AZ62GCY0000300,燃油,两驱
1271,B,水晶珍珠白,无对比颜色,AZ62GCY0000279,燃油,两驱
1272,B,水晶珍珠白,无对比颜色,AZ62GCY0000279,燃油,两驱
1273,B,水晶珍珠白,无对比颜色,AZ62GCY0000279,燃油,两驱
1274,B,闪耀黑,无对比颜色,AZ62GCY0000276,燃油,两驱
1275,A,天空灰,石黑,BZ14GCY0000292,燃油,四驱
1276,A,水晶珍珠白,石黑,BZ12GCY0000284,燃油,两驱
1277,B,闪耀黑,无对比颜色,AZ62GCY0000258,燃油,两驱
1278,A,闪耀黑,无对比颜色,AZ62GFF0000250,混动,两驱
1279,A,飞行蓝,石黑,BZ12GCY0000238,燃油,两驱
1280,B,水晶珍珠白,石黑,AZ62GFF0000271,混动,两驱
1281,A,水晶珍珠白,石黑,BZ14GCY0000248,燃油,四驱
1282,B,闪耀黑,无对比颜色,AZ62GFF0000263,混动,两驱
1283,A,闪耀黑,无对比颜色,BZ14GCY0000287,燃油,四驱
1284,A,闪耀黑,无对比颜色,BZ12GCY0000245,燃油,两驱
1285,A,天空灰,石黑,BZ14GCY0000292,燃油,四驱
1286,A,天空灰,石黑,BZ12GCY0000285,燃油,两驱
1287,B,水晶紫,石黑,AZ62GFF0000305,混动,两驱
1288,A,闪耀黑,无对比颜色,BZ12GCY0000302,燃油,两驱
1289,A,天空灰,石黑,BZ12GCY0000285,燃油,两驱
1290,B,闪耀黑,无对比颜色,AZ62GCY0000276,燃油,两驱
1291,A,水晶珍珠白,石黑,BZ14GCY0000248,燃油,四驱
1292,A,闪耀黑,无对比颜色,BZ14GCY0000287,燃油,四驱
1293,A,闪耀黑,无对比颜色,BZ14GCY0000304,燃油,四驱
1294,B,天空灰,无对比颜色,AZ62GCY0000300,燃油,两驱
1295,A,天空灰,石黑,BZ12GCY0000274,燃油,两驱
1296,B,闪耀黑,无对比颜色,AZ62GFF0000263,混动,两驱
1297,A,水晶珍珠白,石黑,AZ62GFF0000281,混动,两驱
1298,B,水晶珍珠白,无对比颜色,AZ62GFF0000273,混动,两驱
1299,B,水晶珍珠白,石黑,AZ32GCY0000283,燃油,两驱
1300,A,水晶珍珠白,无对比颜色,BZ12GCY0000298,燃油,两驱
1301,A,闪耀黑,无对比颜色,BZ14GCY0000304,燃油,四驱
1302,B,天空灰,无对比颜色,AZ62GFF0000257,混动,两驱
1303,B,天空灰,无对比颜色,AZ62GFF0000257,混动,两驱
1304,A,水晶珍珠白,石黑,BZ12GCY0000251,燃油,两驱
1305,B,闪耀黑,无对比颜色,AZ62GFF0000263,混动,两驱
1306,A,闪耀黑,无对比颜色,BZ12GCY0000302,燃油,两驱
1307,B,水晶紫,石黑,AZ62GFF0000305,混动,两驱
1308,B,天空灰,石黑,AZ62GFF0000306,混动,两驱
1309,A,闪耀黑,无对比颜色,BZ12GCY0000245,燃油,两驱
1310,A,天空灰,石黑,BZ12GCY0000285,燃油,两驱
1311,B,水晶珍珠白,石黑,AZ32GCY0000268,燃油,两驱
1312,A,天空灰,石黑,BZ12GCY0000274,燃油,两驱
1313,B,闪耀黑,无对比颜色,AZ62GCY0000258,燃油,两驱
1314,A,水晶珍珠白,石黑,BZ14GCY0000248,燃油,四驱
1315,B,水晶紫,石黑,AZ62GFF0000305,混动,两驱
1316,B,飞行蓝,石黑,AZ62GCY0000243,燃油,两驱
1317,B,闪耀黑,无对比颜色,AZ62GCY0000276,燃油,两驱
1318,A,天空灰,石黑,BZ12GCY0000285,燃油,两驱
1319,A,天空灰,石黑,BZ12GCY0000285,燃油,两驱
1320,B,天空灰,石黑,AZ64GCY0000256,燃油,四驱
1321,A,闪耀黑,无对比颜色,BZ14GCY0000308,燃油,四驱
1322,B,闪耀黑,无对比颜色,AZ62GCY0000258,燃油,两驱
1323,A,水晶珍珠白,石黑,BZ12GCY0000284,燃油,两驱
1324,A,闪耀黑,无对比颜色,BZ14GCY0000287,燃油,四驱
1325,B,天空灰,无对比颜色,AZ62GCY0000300,燃油,两驱
1326,B,液态灰,无对比颜色,AZ32GCY0000249,燃油,两驱
1327,B,水晶珍珠白,石黑,AZ62GFF0000271,混动,两驱
1328,B,天空灰,无对比颜色,AZ62GCY0000300,燃油,两驱
1329,B,天空灰,无对比颜色,AZ62GCY0000300,燃油,两驱
1330,A,闪耀黑,无对比颜色,BZ12GCY0000245,燃油,两驱
1331,A,水晶珍珠白,石黑,BZ12GCY0000251,燃油,两驱
1332,B,飞行蓝,石黑,AZ62GCY0000243,燃油,两驱
1333,A,闪耀黑,无对比颜色,BZ12GCY0000245,燃油,两驱
1334,A,闪耀黑,无对比颜色,BZ14GCY0000304,燃油,四驱
1335,B,天空灰,无对比颜色,AZ62GCY0000300,燃油,两驱
1336,B,天空灰,无对比颜色,AZ62GFF0000257,混动,两驱
1337,B,闪耀黑,无对比颜色,AZ62GCY0000276,燃油,两驱
1338,B,天空灰,石黑,AZ62GFF0000253,混动,两驱
1339,A,天空灰,石黑,BZ12GCY0000274,燃油,两驱
1340,B,天空灰,无对比颜色,AZ62GFF0000257,混动,两驱
1341,B,水晶珍珠白,无对比颜色,AZ62GCY0000279,燃油,两驱
1342,B,天空灰,石黑,AZ62GFF0000253,混动,两驱
1343,B,闪耀黑,无对比颜色,AZ62GCY0000258,燃油,两驱
1344,A,闪耀黑,无对比颜色,BZ12GCY0000302,燃油,两驱
1345,B,天空灰,石黑,AZ62GFF0000253,混动,两驱
1346,B,闪耀黑,无对比颜色,AZ62GFF0000263,混动,两驱
1347,B,水晶珍珠白,石黑,AZ62GFF0000271,混动,两驱
1348,B,水晶珍珠白,无对比颜色,AZ62GCY0000279,燃油,两驱
1349,B,闪耀黑,无对比颜色,AZ62GCY0000258,燃油,两驱
1350,B,闪耀黑,无对比颜色,AZ62GCY0000258,燃油,两驱
1351,A,水晶珍珠白,石黑,BZ14GCY0000248,燃油,四驱
1352,B,薄雾灰,石黑,AZ32GCY0000296,燃油,两驱
1353,B,飞行蓝,石黑,AZ62GCY0000243,燃油,两驱
1354,A,天空灰,石黑,BZ14GCY0000292,燃油,四驱
1355,A,天空灰,石黑,BZ14GCY0000292,燃油,四驱
1356,B,水晶珍珠白,无对比颜色,AZ62GCY0000279,燃油,两驱
1357,A,水晶紫,石黑,AZ62GFF0000269,混动,两驱
1358,B,天空灰,无对比颜色,AZ62GFF0000257,混动,两驱
1359,B,天空灰,无对比颜色,AZ62GCY0000300,燃油,两驱
1360,B,飞行蓝,石黑,AZ62GFF0000252,混动,两驱
1361,B,水晶珍珠白,无对比颜色,AZ62GCY0000279,燃油,两驱
1362,B,水晶珍珠白,石黑,AZ62GFF0000271,混动,两驱
1363,B,闪耀黑,无对比颜色,AZ62GCY0000258,燃油,两驱
1364,B,飞行蓝,石黑,AZ62GCY0000243,燃油,两驱
1365,B,液态灰,无对比颜色,AZ32GCY0000290,燃油,两驱
1366,A,天空灰,石黑,BZ12GCY0000274,燃油,两驱
1367,B,天空灰,石黑,AZ62GFF0000253,混动,两驱
1368,B,水晶珍珠白,无对比颜色,AZ62GCY0000279,燃油,两驱
1369,A,天空灰,石黑,AZ62GFF0000275,混动,两驱
1370,A,天空灰,石黑,BZ12GCY0000285,燃油,两驱
1371,A,天空灰,石黑,BZ12GCY0000274,燃油,两驱
1372,B,水晶珍珠白,无对比颜色,AZ62GCY0000279,燃油,两驱
1373,B,闪耀黑,无对比颜色,AZ62GCY0000258,燃油,两驱
1374,B,闪耀黑,无对比颜色,AZ62GFF0000263,混动,两驱
1375,A,天空灰,石黑,BZ12GCY0000274,燃油,两驱
1376,A,天空灰,石黑,BZ12GCY0000274,燃油,两驱
1377,B,闪耀黑,无对比颜色,AZ62GCY0000258,燃油,两驱
1378,B,水晶珍珠白,石黑,AZ62GFF0000271,混动,两驱
1379,B,天空灰,无对比颜色,AZ62GCY0000300,燃油,两驱
1380,B,水晶珍珠白,无对比颜色,AZ62GCY0000279,燃油,两驱
1381,A,水晶珍珠白,石黑,AZ62GFF0000281,混动,两驱
1382,B,水晶珍珠白,石黑,AZ62GFF0000271,混动,两驱
1383,B,水晶珍珠白,无对比颜色,AZ62GCY0000279,燃油,两驱
1384,B,水晶珍珠白,无对比颜色,AZ62GCY0000279,燃油,两驱
1385,A,天空灰,石黑,BZ12GCY0000274,燃油,两驱
1386,B,水晶珍珠白,无对比颜色,AZ62GCY0000279,燃油,两驱
1387,B,水晶紫,石黑,AZ62GFF0000305,混动,两驱
1388,B,水晶珍珠白,无对比颜色,AZ62GCY0000279,燃油,两驱
1389,A,闪耀黑,无对比颜色,BZ12GCY0000247,燃油,两驱
1390,A,闪耀黑,无对比颜色,BZ12GCY0000245,燃油,两驱
1391,B,天空灰,无对比颜色,AZ62GCY0000300,燃油,两驱
1392,A,闪耀黑,无对比颜色,AZ62GFF0000250,混动,两驱
1393,A,水晶紫,石黑,AZ62GFF0000269,混动,两驱
1394,A,天空灰,无对比颜色,BZ12GCY0000246,燃油,两驱
1395,A,天空灰,石黑,BZ12GCY0000285,燃油,两驱
1396,B,闪耀黑,无对比颜色,AZ64GCY0000262,燃油,四驱
1397,B,天空灰,石黑,AZ62GFF0000253,混动,两驱
1398,A,天空灰,石黑,BZ12GCY0000285,燃油,两驱
1399,A,水晶珍珠白,石黑,BZ12GCY0000251,燃油,两驱
1400,A,闪耀黑,无对比颜色,BZ12GCY0000302,燃油,两驱
1401,A,闪耀黑,无对比颜色,BZ12GCY0000245,燃油,两驱
1402,A,闪耀黑,无对比颜色,BZ14GCY0000308,燃油,四驱
1403,A,天空灰,石黑,BZ12GCY0000285,燃油,两驱
1404,B,水晶珍珠白,无对比颜色,AZ62GCY0000279,燃油,两驱
1405,B,闪耀黑,无对比颜色,AZ62GCY0000276,燃油,两驱
1406,B,天空灰,无对比颜色,AZ62GCY0000300,燃油,两驱
1407,A,闪耀黑,无对比颜色,BZ12GCY0000302,燃油,两驱
1408,A,天空灰,石黑,AZ62GFF0000275,混动,两驱
1409,A,水晶紫,石黑,AZ62GFF0000269,混动,两驱
1410,A,闪耀黑,无对比颜色,BZ14GCY0000304,燃油,四驱
1411,B,闪耀黑,无对比颜色,AZ62GCY0000258,燃油,两驱
1412,A,水晶珍珠白,无对比颜色,BZ12GCY0000298,燃油,两驱
1413,A,天空灰,石黑,BZ14GCY0000292,燃油,四驱
1414,A,天空灰,石黑,BZ12GCY0000285,燃油,两驱
1415,A,天空灰,石黑,BZ14GCY0000292,燃油,四驱
1416,B,天空灰,无对比颜色,AZ62GCY0000300,燃油,两驱
1417,B,天空灰,无对比颜色,AZ62GCY0000300,燃油,两驱
1418,A,天空灰,石黑,AZ62GFF0000275,混动,两驱
1419,B,天空灰,石黑,AZ62GFF0000253,混动,两驱
1420,A,天空灰,石黑,BZ14GCY0000292,燃油,四驱
1421,B,闪耀黑,无对比颜色,AZ62GCY0000258,燃油,两驱
1422,A,闪耀黑,无对比颜色,BZ12GCY0000302,燃油,两驱
1423,B,闪耀黑,无对比颜色,AZ62GCY0000276,燃油,两驱
1424,B,水晶珍珠白,无对比颜色,AZ62GCY0000279,燃油,两驱
1425,A,天空灰,石黑,BZ14GCY0000292,燃油,四驱
1426,B,水晶珍珠白,石黑,AZ62GFF0000271,混动,两驱
1427,A,水晶珍珠白,无对比颜色,BZ12GCY0000298,燃油,两驱
1428,B,闪耀黑,无对比颜色,AZ64GCY0000262,燃油,四驱
1429,B,天空灰,无对比颜色,AZ62GCY0000300,燃油,两驱
1430,B,水晶珍珠白,石黑,AZ62GFF0000271,混动,两驱
1431,A,天空灰,石黑,BZ14GCY0000292,燃油,四驱
1432,B,水晶珍珠白,无对比颜色,AZ62GCY0000279,燃油,两驱
1433,B,天空灰,无对比颜色,AZ62GCY0000300,燃油,两驱
1434,A,水晶紫,石黑,AZ62GFF0000269,混动,两驱
1435,A,水晶珍珠白,石黑,BZ12GCY0000251,燃油,两驱
1436,A,闪耀黑,无对比颜色,BZ14GCY0000308,燃油,四驱
1437,A,天空灰,石黑,BZ14GCY0000292,燃油,四驱
1438,B,水晶珍珠白,石黑,AZ62GFF0000271,混动,两驱
1439,A,天空灰,石黑,BZ14GCY0000292,燃油,四驱
1440,A,闪耀黑,无对比颜色,BZ14GCY0000308,燃油,四驱
1441,A,水晶珍珠白,石黑,BZ14GCY0000248,燃油,四驱
1442,B,水晶珍珠白,石黑,AZ62GFF0000271,混动,两驱
1443,B,天空灰,无对比颜色,AZ62GCY0000300,燃油,两驱
1444,A,天空灰,石黑,AZ62GFF0000275,混动,两驱
1445,B,天空灰,无对比颜色,AZ62GCY0000300,燃油,两驱
1446,B,闪耀黑,无对比颜色,AZ62GCY0000258,燃油,两驱
1447,B,水晶珍珠白,石黑,AZ62GFF0000271,混动,两驱
1448,B,闪耀黑,无对比颜色,AZ62GFF0000263,混动,两驱
1449,B,闪耀黑,无对比颜色,AZ64GCY0000262,燃油,四驱
1450,B,水晶珍珠白,石黑,AZ62GFF0000271,混动,两驱
1451,B,闪耀黑,无对比颜色,AZ62GCY0000258,燃油,两驱
1452,B,天空灰,石黑,AZ64GCY0000256,燃油,四驱
1453,A,水晶珍珠白,石黑,BZ12GCY0000251,燃油,两驱
1454,B,水晶珍珠白,无对比颜色,AZ62GCY0000279,燃油,两驱
1455,A,水晶珍珠白,石黑,BZ12GCY0000251,燃油,两驱
1456,A,天空灰,石黑,BZ12GCY0000285,燃油,两驱
1457,B,水晶紫,石黑,AZ62GFF0000305,混动,两驱
1458,A,天空灰,石黑,BZ12GCY0000274,燃油,两驱
1459,A,水晶紫,石黑,AZ62GFF0000269,混动,两驱
1460,B,水晶珍珠白,无对比颜色,AZ62GCY0000279,燃油,两驱
1461,A,水晶珍珠白,石黑,BZ12GCY0000284,燃油,两驱
1462,B,水晶珍珠白,石黑,AZ62GFF0000271,混动,两驱
1463,A,水晶珍珠白,石黑,AZ62GFF0000281,混动,两驱
1464,B,天空灰,无对比颜色,AZ62GCY0000300,燃油,两驱
1465,B,天空灰,无对比颜色,AZ62GCY0000300,燃油,两驱
1466,B,天空灰,无对比颜色,AZ62GCY0000300,燃油,两驱
1467,A,天空灰,无对比颜色,BZ12GCY0000246,燃油,两驱
1468,A,天空灰,石黑,BZ12GCY0000274,燃油,两驱
1469,A,闪耀黑,无对比颜色,BZ12GCY0000241,燃油,两驱
1470,A,天空灰,石黑,BZ12GCY0000274,燃油,两驱
1471,B,水晶珍珠白,无对比颜色,AZ62GCY0000279,燃油,两驱
1472,A,闪耀黑,无对比颜色,BZ14GCY0000287,燃油,四驱
1473,A,闪耀黑,无对比颜色,BZ14GCY0000308,燃油,四驱
1474,A,水晶珍珠白,无对比颜色,BZ12GCY0000298,燃油,两驱
1475,A,天空灰,石黑,BZ12GCY0000285,燃油,两驱
1476,A,天空灰,石黑,BZ12GCY0000285,燃油,两驱
1477,B,天空灰,无对比颜色,AZ62GCY0000300,燃油,两驱
1478,B,闪耀黑,无对比颜色,AZ64GCY0000262,燃油,四驱
1479,A,天空灰,石黑,AZ62GFF0000275,混动,两驱
1480,A,天空灰,石黑,BZ12GCY0000274,燃油,两驱
1481,B,闪耀黑,无对比颜色,AZ62GFF0000263,混动,两驱
1482,A,天空灰,石黑,BZ14GCY0000292,燃油,四驱
1483,B,水晶珍珠白,无对比颜色,AZ62GCY0000279,燃油,两驱
1484,A,天空灰,石黑,BZ12GCY0000285,燃油,两驱
1485,B,水晶珍珠白,无对比颜色,AZ62GCY0000279,燃油,两驱
1486,B,水晶珍珠白,无对比颜色,AZ62GCY0000279,燃油,两驱
1487,A,天空灰,石黑,BZ14GCY0000292,燃油,四驱
1488,B,天空灰,无对比颜色,AZ62GCY0000300,燃油,两驱
1489,A,水晶珍珠白,石黑,BZ14GCY0000248,燃油,四驱
1490,B,闪耀黑,无对比颜色,AZ64GCY0000280,燃油,四驱
1491,A,闪耀黑,无对比颜色,BZ12GCY0000302,燃油,两驱
1492,B,水晶珍珠白,石黑,AZ62GFF0000271,混动,两驱
1493,A,水晶珍珠白,石黑,BZ14GCY0000248,燃油,四驱
1494,A,闪耀黑,无对比颜色,BZ12GCY0000302,燃油,两驱
1495,A,天空灰,石黑,BZ12GCY0000274,燃油,两驱
1496,A,闪耀黑,无对比颜色,BZ12GCY0000302,燃油,两驱
1497,A,闪耀黑,无对比颜色,BZ14GCY0000287,燃油,四驱
1498,B,水晶珍珠白,无对比颜色,AZ62GCY0000279,燃油,两驱
1499,B,水晶紫,石黑,AZ62GFF0000305,混动,两驱
1500,A,天空灰,石黑,BZ12GCY0000274,燃油,两驱
1501,A,水晶珍珠白,石黑,BZ14GCY0000248,燃油,四驱
1502,A,水晶珍珠白,石黑,BZ12GCY0000284,燃油,两驱
1503,A,闪耀黑,无对比颜色,BZ12GCY0000302,燃油,两驱
1504,A,天空灰,石黑,AZ62GFF0000275,混动,两驱
1505,B,水晶珍珠白,无对比颜色,AZ62GCY0000279,燃油,两驱
1506,B,天空灰,无对比颜色,AZ62GCY0000300,燃油,两驱
1507,A,水晶珍珠白,石黑,BZ12GCY0000251,燃油,两驱
1508,A,天空灰,石黑,AZ62GFF0000275,混动,两驱
1509,B,闪耀黑,无对比颜色,AZ62GCY0000276,燃油,两驱
1510,B,闪耀黑,无对比颜色,AZ62GCY0000258,燃油,两驱
1511,A,水晶珍珠白,石黑,BZ14GCY0000248,燃油,四驱
1512,B,天空灰,石黑,AZ62GFF0000253,混动,两驱
1513,A,天空灰,石黑,BZ12GCY0000285,燃油,两驱
1514,A,天空灰,石黑,AZ62GFF0000275,混动,两驱
1515,A,天空灰,石黑,BZ14GCY0000292,燃油,四驱
1516,B,闪耀黑,无对比颜色,AZ62GCY0000276,燃油,两驱
1517,A,明亮红,石黑,BZ14GCY0000295,燃油,四驱
1518,B,水晶珍珠白,无对比颜色,AZ62GFF0000273,混动,两驱
1519,B,天空灰,石黑,AZ62GFF0000253,混动,两驱
1520,B,水晶珍珠白,石黑,AZ62GFF0000271,混动,两驱
1521,A,闪耀黑,无对比颜色,BZ12GCY0000245,燃油,两驱
1522,A,闪耀黑,无对比颜色,AZ62GFF0000250,混动,两驱
1523,B,天空灰,无对比颜色,AZ62GCY0000300,燃油,两驱
1524,B,飞行蓝,石黑,AZ62GCY0000243,燃油,两驱
1525,B,水晶珍珠白,石黑,AZ62GFF0000271,混动,两驱
1526,A,天空灰,石黑,BZ12GCY0000274,燃油,两驱
1527,A,天空灰,石黑,BZ12GCY0000285,燃油,两驱
1528,A,水晶珍珠白,石黑,BZ12GCY0000251,燃油,两驱
1529,B,天空灰,无对比颜色,AZ62GCY0000300,燃油,两驱
1530,B,天空灰,无对比颜色,AZ62GFF0000257,混动,两驱
1531,B,天空灰,石黑,AZ64GCY0000256,燃油,四驱
1532,B,天空灰,无对比颜色,AZ62GCY0000300,燃油,两驱
1533,B,闪耀黑,无对比颜色,AZ62GCY0000258,燃油,两驱
1534,A,闪耀黑,无对比颜色,AZ62GFF0000250,混动,两驱
1535,A,探索绿,闪耀黑,AZ64GCY0000278,燃油,四驱
1536,B,闪耀黑,无对比颜色,AZ62GCY0000258,燃油,两驱
1537,B,水晶珍珠白,无对比颜色,AZ62GCY0000279,燃油,两驱
1538,A,闪耀黑,无对比颜色,BZ14GCY0000304,燃油,四驱
1539,B,水晶紫,石黑,AZ62GFF0000305,混动,两驱
1540,B,水晶紫,石黑,AZ62GFF0000305,混动,两驱
1541,B,天空灰,无对比颜色,AZ62GFF0000257,混动,两驱
1542,B,天空灰,无对比颜色,AZ62GCY0000300,燃油,两驱
1543,A,闪耀黑,无对比颜色,BZ14GCY0000287,燃油,四驱
1544,A,闪耀黑,无对比颜色,BZ14GCY0000304,燃油,四驱
1545,B,天空灰,无对比颜色,AZ62GCY0000300,燃油,两驱
1546,B,天空灰,无对比颜色,AZ62GCY0000300,燃油,两驱
1547,B,水晶珍珠白,无对比颜色,AZ62GCY0000279,燃油,两驱
1548,A,天空灰,石黑,BZ14GCY0000292,燃油,四驱
1549,B,闪耀黑,无对比颜色,AZ62GCY0000258,燃油,两驱
1550,B,水晶珍珠白,石黑,AZ64GCY0000309,燃油,四驱
1551,A,闪耀黑,无对比颜色,BZ12GCY0000302,燃油,两驱
1552,A,天空灰,石黑,BZ14GCY0000292,燃油,四驱
1553,B,天空灰,无对比颜色,AZ62GCY0000300,燃油,两驱
1554,A,闪耀黑,无对比颜色,BZ14GCY0000308,燃油,四驱
1555,B,明亮红,石黑,AZ32GCY0000297,燃油,两驱
1556,A,水晶珍珠白,石黑,BZ12GCY0000251,燃油,两驱
1557,A,天空灰,石黑,BZ12GCY0000274,燃油,两驱
1558,B,液态灰,无对比颜色,AZ32GCY0000249,燃油,两驱
1559,B,闪耀黑,无对比颜色,AZ62GCY0000258,燃油,两驱
1560,B,闪耀黑,石黑,AZ32GCY0000310,燃油,两驱
1561,A,天空灰,石黑,BZ12GCY0000285,燃油,两驱
